-- MySQL dump 10.18  Distrib 10.3.27-MariaDB, for Linux (x86_64)
--
-- Host: localhost    Database: ialqanig_FreeTaxi
-- ------------------------------------------------------
-- Server version	10.3.27-MariaDB

/*!40101 SET @OLD_CHARACTER_SET_CLIENT=@@CHARACTER_SET_CLIENT */;
/*!40101 SET @OLD_CHARACTER_SET_RESULTS=@@CHARACTER_SET_RESULTS */;
/*!40101 SET @OLD_COLLATION_CONNECTION=@@COLLATION_CONNECTION */;
/*!40101 SET NAMES utf8mb4 */;
/*!40103 SET @OLD_TIME_ZONE=@@TIME_ZONE */;
/*!40103 SET TIME_ZONE='+00:00' */;
/*!40014 SET @OLD_UNIQUE_CHECKS=@@UNIQUE_CHECKS, UNIQUE_CHECKS=0 */;
/*!40014 SET @OLD_FOREIGN_KEY_CHECKS=@@FOREIGN_KEY_CHECKS, FOREIGN_KEY_CHECKS=0 */;
/*!40101 SET @OLD_SQL_MODE=@@SQL_MODE, SQL_MODE='NO_AUTO_VALUE_ON_ZERO' */;
/*!40111 SET @OLD_SQL_NOTES=@@SQL_NOTES, SQL_NOTES=0 */;

--
-- Table structure for table `categories`
--

DROP TABLE IF EXISTS `categories`;
/*!40101 SET @saved_cs_client     = @@character_set_client */;
/*!40101 SET character_set_client = utf8 */;
CREATE TABLE `categories` (
  `id` int(10) unsigned NOT NULL AUTO_INCREMENT,
  `parent_id` int(10) unsigned DEFAULT NULL,
  `order` int(11) NOT NULL DEFAULT 1,
  `name` varchar(191) COLLATE utf8mb4_unicode_ci NOT NULL,
  `slug` varchar(191) COLLATE utf8mb4_unicode_ci NOT NULL,
  `created_at` timestamp NULL DEFAULT NULL,
  `updated_at` timestamp NULL DEFAULT NULL,
  PRIMARY KEY (`id`),
  UNIQUE KEY `categories_slug_unique` (`slug`),
  KEY `categories_parent_id_foreign` (`parent_id`),
  CONSTRAINT `categories_parent_id_foreign` FOREIGN KEY (`parent_id`) REFERENCES `categories` (`id`) ON DELETE SET NULL ON UPDATE CASCADE
) ENGINE=InnoDB AUTO_INCREMENT=3 DEFAULT CHARSET=utf8mb4 COLLATE=utf8mb4_unicode_ci;
/*!40101 SET character_set_client = @saved_cs_client */;

--
-- Dumping data for table `categories`
--

LOCK TABLES `categories` WRITE;
/*!40000 ALTER TABLE `categories` DISABLE KEYS */;
INSERT INTO `categories` (`id`, `parent_id`, `order`, `name`, `slug`, `created_at`, `updated_at`) VALUES (1,NULL,1,'Category 1','category-1','2020-04-04 13:26:04','2020-04-04 13:26:04'),(2,NULL,1,'Category 2','category-2','2020-04-04 13:26:04','2020-04-04 13:26:04');
/*!40000 ALTER TABLE `categories` ENABLE KEYS */;
UNLOCK TABLES;

--
-- Table structure for table `clients`
--

DROP TABLE IF EXISTS `clients`;
/*!40101 SET @saved_cs_client     = @@character_set_client */;
/*!40101 SET character_set_client = utf8 */;
CREATE TABLE `clients` (
  `id` int(10) unsigned NOT NULL AUTO_INCREMENT,
  `name` varchar(255) COLLATE utf8mb4_unicode_ci DEFAULT NULL,
  `image` varchar(255) COLLATE utf8mb4_unicode_ci DEFAULT NULL,
  `text` varchar(255) COLLATE utf8mb4_unicode_ci DEFAULT NULL,
  `created_at` timestamp NULL DEFAULT NULL,
  `updated_at` timestamp NULL DEFAULT NULL,
  PRIMARY KEY (`id`)
) ENGINE=InnoDB AUTO_INCREMENT=4 DEFAULT CHARSET=utf8mb4 COLLATE=utf8mb4_unicode_ci;
/*!40101 SET character_set_client = @saved_cs_client */;

--
-- Dumping data for table `clients`
--

LOCK TABLES `clients` WRITE;
/*!40000 ALTER TABLE `clients` DISABLE KEYS */;
INSERT INTO `clients` (`id`, `name`, `image`, `text`, `created_at`, `updated_at`) VALUES (1,'სანდრო','clients/October2020/vViWqWjo4CzpR3DDXC2l.jpg','<p>მოხერხებული, კონფრტული და რაც მთავარია უსაფრთხო გადაადგილება.</p>','2020-04-21 09:26:00','2020-10-15 17:08:46'),(2,'სოფო','clients/October2020/Yzio5WQJqUaEArd0sgoj.jpg','<p>სწრაფი, კომფორტული და მოსახერხებელი მგზავრობა, მისაღები ფასი</p>','2020-10-15 17:13:57','2020-10-15 17:13:57'),(3,'ლადო','clients/October2020/bettWk4NA87d9fCc9EQf.jpg','<p>კომფორტული ჰიგიენური ავტომობილები, მისაღები სერვისით და ფასით</p>','2020-10-15 17:22:52','2020-10-15 17:22:52');
/*!40000 ALTER TABLE `clients` ENABLE KEYS */;
UNLOCK TABLES;

--
-- Table structure for table `contacts`
--

DROP TABLE IF EXISTS `contacts`;
/*!40101 SET @saved_cs_client     = @@character_set_client */;
/*!40101 SET character_set_client = utf8 */;
CREATE TABLE `contacts` (
  `id` bigint(20) unsigned NOT NULL AUTO_INCREMENT,
  `name` varchar(255) COLLATE utf8mb4_unicode_ci NOT NULL,
  `email` varchar(255) COLLATE utf8mb4_unicode_ci NOT NULL,
  `phone` varchar(255) COLLATE utf8mb4_unicode_ci NOT NULL,
  `subject` varchar(255) COLLATE utf8mb4_unicode_ci NOT NULL,
  `message` text COLLATE utf8mb4_unicode_ci NOT NULL,
  `created_at` timestamp NULL DEFAULT NULL,
  `updated_at` timestamp NULL DEFAULT NULL,
  PRIMARY KEY (`id`)
) ENGINE=InnoDB AUTO_INCREMENT=37 DEFAULT CHARSET=utf8mb4 COLLATE=utf8mb4_unicode_ci;
/*!40101 SET character_set_client = @saved_cs_client */;

--
-- Dumping data for table `contacts`
--

LOCK TABLES `contacts` WRITE;
/*!40000 ALTER TABLE `contacts` DISABLE KEYS */;
INSERT INTO `contacts` (`id`, `name`, `email`, `phone`, `subject`, `message`, `created_at`, `updated_at`) VALUES (4,'ტესტი','davitgakhokia16@gmail.com','5555544444','testiiw','vsg','2020-10-19 14:08:57','2020-10-19 14:08:57'),(5,'დავით გახოკია','davitgakhokia16@gmail.com','+995 514 756688','საიტის ტესტირება','sadada','2020-10-19 14:18:34','2020-10-19 14:18:34'),(6,'ტესტი','davit@diem.ge','+995 514 756688','საიტის ტესტირება','asad','2020-10-19 14:20:41','2020-10-19 14:20:41'),(7,'დავით გახოკია','davit@diem.ge','+995 514 756688','საიტის ტესტირება1','სასასა','2020-10-19 14:22:16','2020-10-19 14:22:16'),(8,'ტესტი','davit@diem.ge','+995 514 756688','საიტის ტესტირება','testiii','2020-10-19 14:23:26','2020-10-19 14:23:26'),(9,'დავით გახოკია','davitgakhokia16@gmail.com','+995 514 756688','საიტის ტესტირებას','სასა','2020-10-19 14:24:21','2020-10-19 14:24:21'),(10,'დავით გახოკია','davit@diem.ge','5555544444','საიტის ტესტირება','dadad','2020-10-19 16:50:48','2020-10-19 16:50:48'),(11,'ტესტი','davit@diem.ge','+995 514 756688','საიტის ტესტირება','bhfnf','2020-10-19 16:51:35','2020-10-19 16:51:35'),(12,'EdgarpruCh','bbsdtwf@rambler.ru','86849199833','Массовый постинг на Авито и Юле без блокировок с гарантией. Всё под ключ','Здравствуйте! \r\n \r\nПопробуйте массовый постинг своих товаров и услуг на Авито и Юле с разных аккаунтов с помощь сервиса http://fpipe.site/avito \r\n \r\nМы возьмем все под ключ (т.е. напишем уникальные, разные тексты, подберем фото, подключим телефонию, настроим переадресацию на ваши номера, и будем размещать ваши объявления по согласованному графику). \r\n \r\nНа Авито и Юле находятся самые горячие клиенты. На эти сайты пользователь идет, когда уже готов купить конкретный товар или заказать услугу. Это обеспечивает наиболее быстрый отклик и результат. \r\n \r\nВАЖНО! Размещаем в любых городах — в том числе одинаковые товары / услуги. Блокировок 0. \r\n \r\nС услугой массового постинга вы сможете значительно увеличить количество заявок и новых клиентов. \r\n \r\nПредоставляем отчетность по размещениям. \r\n \r\nИнтересно? \r\n \r\nОставьте заявку на услугу или консультацию на этом сайте http://fpipe.site/avito','2020-10-19 21:22:28','2020-10-19 21:22:28'),(13,'ContactAdves','no-replytizToold@gmail.com','89894759643','Mailing via the feedback form.','Gооd dаy!  freetaxi.ge \r\n \r\nDid yоu knоw thаt it is pоssiblе tо sеnd businеss prоpоsаl fully lаwfully? \r\nWе sеll а nеw uniquе wаy оf sеnding businеss prоpоsаl thrоugh соntасt fоrms. Suсh fоrms аrе lосаtеd оn mаny sitеs. \r\nWhеn suсh mеssаgеs аrе sеnt, nо pеrsоnаl dаtа is usеd, аnd mеssаgеs аrе sеnt tо fоrms spесifiсаlly dеsignеd tо rесеivе mеssаgеs аnd аppеаls. \r\nаlsо, mеssаgеs sеnt thrоugh fееdbасk Fоrms dо nоt gеt intо spаm bесаusе suсh mеssаgеs аrе соnsidеrеd impоrtаnt. \r\nWе оffеr yоu tо tеst оur sеrviсе fоr frее. Wе will sеnd up tо 50,000 mеssаgеs fоr yоu. \r\nThе соst оf sеnding оnе milliоn mеssаgеs is 49 USD. \r\n \r\nThis mеssаgе is сrеаtеd аutоmаtiсаlly. Plеаsе usе thе соntасt dеtаils bеlоw tо соntасt us. \r\n \r\nContact us. \r\nTelegram - @FeedbackFormEU \r\nSkype  live:feedbackform2019 \r\nWhatsApp - +375259112693','2020-10-20 04:34:15','2020-10-20 04:34:15'),(14,'Charleyobjef','info@easylaon-finance.com','82585385675','loan between individuals reliable','Loan agreement between individuals you are looking for financing to either restart your activities or for the realization of a project or to buy you an apartment but alas the bank puts you has conditions that you are unable to fulfill. more concern me I am an individual I grant loans ranging from 1000 to 900 000 € to all people able to respect its commitments. moreover, the interest rate is 3% per year. The announcement message you can also draw words from in   https://www.easylaon-finance.com','2020-10-20 09:55:40','2020-10-20 09:55:40'),(15,'Thomasidede','bdd463r35@rambler.ru','81377464188','База ваших потенциальных клиентов для обзвона или рассылок','Сформируем по вашим критериям актуальную базу потенциальных клиентов для обзвона или рассылок (возможные критерии базы: виды деятельности, город, регион и т.д.). \r\n \r\nВы ее cможете использовать для холодного обзвона или рассылок коммерческих предложений по e-mail. \r\n \r\nС такой базой вы найдете большое количество новых клиентов, увеличите свой оборот и ареал работы вашего бизнеса. \r\n \r\nЧтобы бы узнать стоимость базы под ваши цели или сделать заказ, оставьте свои контакты, по этой ссылке: http://fpipe.site/base','2020-10-20 19:01:07','2020-10-20 19:01:07'),(16,'Robertvaw','wilfredngowi697@gmail.com','85848775597','Best price from $1200 to $2300','Climbing mount kilimanjaro \r\ncontact info@kibotripsadventures.com  whats app +255756045182.','2020-10-21 09:02:00','2020-10-21 09:02:00'),(17,'Clay','information@freetaxi.ge','06-74819185','freetaxi.ge NOTICE.','ATT: freetaxi.ge / Taxi Free | SITE SERVICES\r\nThis notice ENDS ON: Oct 23, 2020\r\n\r\n\r\nWe have not received a payment from you.\r\nWe\'ve tried to call you yet were unable to contact you.\r\n\r\n\r\nKindly Check Out: https://bit.ly/2HmVcEO .\r\n\r\nFor information and also to process a optional payment for solutions.\r\n\r\n\r\n\r\n10232020231145.','2020-10-24 03:11:46','2020-10-24 03:11:46'),(18,'Lora','lorastonden@gmail.com','613-876-3353','editorial inquiry','Hi there,\r\n\r\n    Huge fan of your content here! \r\n\r\n    Anyway - to keep this short. Could you please let me know if this is a right address for and editorial inquiry?\r\n\r\n    If not, I would appreciate if you can direct me to the right one.\r\n\r\nI know that freetaxi.ge has a great potential an a real base of visitors so I would really like to start a collaboration with you. Could you tell me if you would be willing to accept any other type of link placement? Seeing that it\'s pretty hard to match your writing style, I think it would be a lot better if you could include a link to our website into a new or even older article of yours, for a fee.\r\n\r\nIf this sounds like something you could do, just reply to this email and let\'s make a deal! :)\r\n    Thanks,\r\n      Lora Stonden','2020-10-29 11:27:33','2020-10-29 11:27:33'),(19,'Mike Hill','no-replyBak@google.com','86173479154','New: DA50 for freetaxi.ge','Hi there \r\n \r\nIf you want to get ahead of your competition, have a higher Domain Authority score. Its just simple as that. \r\nWith our service you get Domain Authority above 50 points in just 30 days. \r\n \r\nThis service is guaranteed \r\n \r\nFor more information, check our service here \r\nhttps://www.monkeydigital.co/Get-Guaranteed-Domain-Authority-50/ \r\n \r\nN E W : \r\nDA60 is now available here \r\nhttps://www.monkeydigital.co/product/moz-da60-seo-plan/ \r\n \r\n \r\nthank you \r\nMike Hill\r\n \r\nMonkey Digital \r\nsupport@monkeydigital.co','2020-10-30 23:07:19','2020-10-30 23:07:19'),(20,'Eric','eric@talkwithwebvisitor.com','416-385-3200','Instead, congrats','Good day, \r\n\r\nMy name is Eric and unlike a lot of emails you might get, I wanted to instead provide you with a word of encouragement – Congratulations\r\n\r\nWhat for?  \r\n\r\nPart of my job is to check out websites and the work you’ve done with freetaxi.ge definitely stands out. \r\n\r\nIt’s clear you took building a website seriously and made a real investment of time and resources into making it top quality.\r\n\r\nThere is, however, a catch… more accurately, a question…\r\n\r\nSo when someone like me happens to find your site – maybe at the top of the search results (nice job BTW) or just through a random link, how do you know? \r\n\r\nMore importantly, how do you make a connection with that person?\r\n\r\nStudies show that 7 out of 10 visitors don’t stick around – they’re there one second and then gone with the wind.\r\n\r\nHere’s a way to create INSTANT engagement that you may not have known about… \r\n\r\nTalk With Web Visitor is a software widget that’s works on your site, ready to capture any visitor’s Name, Email address and Phone Number.  It lets you know INSTANTLY that they’re interested – so that you can talk to that lead while they’re literally checking out freetaxi.ge.\r\n\r\nCLICK HERE http://www.talkwithwebvisitors.com to try out a Live Demo with Talk With Web Visitor now to see exactly how it works.\r\n\r\nIt could be a game-changer for your business – and it gets even better… once you’ve captured their phone number, with our new SMS Text With Lead feature, you can automatically start a text (SMS) conversation – immediately (and there’s literally a 100X difference between contacting someone within 5 minutes versus 30 minutes.)\r\n\r\nPlus then, even if you don’t close a deal right away, you can connect later on with text messages for new offers, content links, even just follow up notes to build a relationship.\r\n\r\nEverything I’ve just described is simple, easy, and effective. \r\n\r\nCLICK HERE http://www.talkwithwebvisitors.com to discover what Talk With Web Visitor can do for your business.\r\n\r\nYou could be converting up to 100X more leads today!\r\n\r\nEric\r\nPS: Talk With Web Visitor offers a FREE 14 days trial – and it even includes International Long Distance Calling. \r\nYou have customers waiting to talk with you right now… don’t keep them waiting. \r\nCLICK HERE http://www.talkwithwebvisitors.com to try Talk With Web Visitor now.\r\n\r\nIf you\'d like to unsubscribe click here http://talkwithwebvisitors.com/unsubscribe.aspx?d=freetaxi.ge','2020-11-02 10:49:44','2020-11-02 10:49:44'),(21,'Eric','eric@talkwithwebvisitor.com','416-385-3200','Your site – more leads?','Hey, this is Eric and I ran across freetaxi.ge a few minutes ago.\r\n\r\nLooks great… but now what?\r\n\r\nBy that I mean, when someone like me finds your website – either through Search or just bouncing around – what happens next?  Do you get a lot of leads from your site, or at least enough to make you happy?\r\n\r\nHonestly, most business websites fall a bit short when it comes to generating paying customers. Studies show that 70% of a site’s visitors disappear and are gone forever after just a moment.\r\n\r\nHere’s an idea…\r\n \r\nHow about making it really EASY for every visitor who shows up to get a personal phone call you as soon as they hit your site…\r\n \r\nYou can –\r\n  \r\nTalk With Web Visitor is a software widget that’s works on your site, ready to capture any visitor’s Name, Email address and Phone Number.  It signals you the moment they let you know they’re interested – so that you can talk to that lead while they’re literally looking over your site.\r\n\r\nCLICK HERE http://www.talkwithcustomer.com to try out a Live Demo with Talk With Web Visitor now to see exactly how it works.\r\n\r\nYou’ll be amazed - the difference between contacting someone within 5 minutes versus a half-hour or more later could increase your results 100-fold.\r\n\r\nIt gets even better… once you’ve captured their phone number, with our new SMS Text With Lead feature, you can automatically start a text (SMS) conversation.\r\n  \r\nThat way, even if you don’t close a deal right away, you can follow up with text messages for new offers, content links, even just “how you doing?” notes to build a relationship.\r\n\r\nPretty sweet – AND effective.\r\n\r\nCLICK HERE http://www.talkwithcustomer.com to discover what Talk With Web Visitor can do for your business.\r\n\r\nYou could be converting up to 100X more leads today!\r\n\r\nEric\r\nPS: Talk With Web Visitor offers a FREE 14 days trial – and it even includes International Long Distance Calling. \r\nYou have customers waiting to talk with you right now… don’t keep them waiting. \r\nCLICK HERE http://www.talkwithcustomer.com to try Talk With Web Visitor now.\r\n\r\nIf you\'d like to unsubscribe click here http://talkwithcustomer.com/unsubscribe.aspx?d=freetaxi.ge','2020-11-04 02:35:28','2020-11-04 02:35:28'),(22,'James Gilbert','no-reply@google.com','87412188544','cheap monthly SEO plans','Hi! \r\nI have just checked freetaxi.ge for the ranking keywords and seen that your SEO metrics could use a boost. \r\n \r\nWe will improve your SEO metrics and ranks organically and safely, using only whitehat methods, while providing monthly reports and outstanding support. \r\n \r\nPlease check our pricelist here, we offer SEO at cheap rates. \r\nhttps://www.hilkom-digital.de/cheap-seo-packages/ \r\n \r\nStart increasing your sales and leads with us, today! \r\n \r\nregards \r\nHilkom Digital Team \r\nsupport@hilkom-digital.de','2020-11-05 19:05:18','2020-11-05 19:05:18'),(23,'Williamtwith','lndpgrf@rambler.ru','88158685916','Разместите свои товары или услуги на Авито','Здравствуйте! \r\n \r\nПредлагаем размещение объявлений и товаров на Авито в виде массового постинга с гарантией от блокировки или в виде создания официального магазина на АВИТО -- http://prdlinfo.me/avito \r\n \r\nЭта услуга подходит для любого вида товаров и услуг. Авито огромная площадка с посещаемостью более 10 млн человек в сутки, что даст вашей рекламе огромные охваты и возможность искать любых клиентов в любых сферах. \r\n \r\nМожем размещать любые объемы, в любых городах и по любому графику (хоть каждый час) — в том числе и одинаковые объявления без блокировок. \r\n \r\nВы значительно увеличите количество заявок с помощью данной услуги, т.к.: \r\n1. На Авито находятся самые «горячие» покупатели товаров и услуг \r\n2. Стоимость клиента, пока значительно ниже, чем при контекстной рекламе \r\n3. На Авито еще небольшая конкуренция (опять-же пока…) \r\n \r\nИнтересно? \r\n \r\nОставьте заявку на услугу или консультацию на этом сайте http://prdlinfo.me/avito','2020-11-09 18:53:10','2020-11-09 18:53:10'),(24,'Миссис Майк','maikereine.mmr@gmail.com','83185788989','Пожалуйста, выслушайте меня.','Я работаю в Swedbank-Bank в Эстонии. У меня есть бизнес-предложение на сумму 6,2 миллиона долларов, которое вы должны передать мне из моего банка. \r\nХотя вам может быть трудно в это поверить. Мне нужно, чтобы вы помогли мне осуществить этот бизнес-проект из Эстонии в вашу страну. после завершения транзакции наш коэффициент распределения будет составлять 50/50 от общей суммы. \r\nЕсли интересно, свяжитесь со мной для получения дополнительной информации только в WhatsApp: +3726023567 \r\nПожалуйста, предоставьте мне преимущество сомнения и выслушайте меня. \r\nС Уважением, \r\nМиссис Майк.','2020-11-14 09:47:31','2020-11-14 09:47:31'),(25,'Aracely','freetaxi.ge@freetaxi.ge','0951 72 50 98','freetaxi.ge','Your domain name: freetaxi.ge\r\n\r\nwebsite\r\n\r\nThis announcement ENDS ON: Nov 19, 2020!\r\n\r\n\r\nWe have actually not received a payment from you.\r\nWe  have actually tried to email you however were incapable to reach you.\r\n\r\n\r\nPlease See:  https://cutt.ly/DhqbwWF\r\n\r\n\r\nFor details and also to make a discretionary settlement for service.\r\n\r\n\r\n11192020175105','2020-11-19 22:51:16','2020-11-19 22:51:16'),(26,'Mike Ellington','no-replytizToold@gmail.com','82348893884','Gaining Higher Domain Authority score','Hеllо! \r\n \r\nDo you want a quick boost in ranks and sales for your freetaxi.ge website? \r\nHaving a high DA score, always helps \r\n \r\nGet your freetaxi.ge to have a 50+ points in Moz DA with us today and rip the benefits of such a great feat. \r\n \r\nSee our offers here: \r\nhttps://www.monkeydigital.co/product/moz-da50-seo-plan/ \r\n \r\nFYI: \r\nWe also give big discounts for multiple plans \r\n \r\n \r\nthank you \r\nMike Ellington\r\n \r\nsupport@monkeydigital.co','2020-11-29 03:26:02','2020-11-29 03:26:02'),(27,'Peter White','no-replyCew@gmail.com','87946818419','Get top 5 ranks in the Google maps','Gооd dаy! \r\n \r\nDo you have issues ranking your website locally? \r\n \r\nWith our Google Maps citations strategy, we are able to rank you in top 5 in the Google Local Search for specific keywords. \r\nThe more Citations you build with us, the more keywords you`ll start ranking for \r\n \r\nMore details here: \r\nhttps://speed-seo.net/product/google-maps-citations/ \r\n \r\nthank you \r\nSpeed SEO Digital \r\nsupport@speed-seo.net','2020-11-30 10:44:27','2020-11-30 10:44:27'),(28,'James Lambert','jlam73000@gmail.com','87614939179','Partnership','Good day \r\n \r\nI`m seeking for a reputable company/individual to partner with in a manner it would benefit both parties. The project is worth $24 Million so if interested, kindly contact me through this email jl543675da@naver.com for clarification. \r\n \r\nI await your response. \r\n \r\nThanks, \r\n \r\nJames Lambert','2020-12-04 18:10:21','2020-12-04 18:10:21'),(29,'conttbqke','coifalek1988@rambler.ru','1234567890','Рассылки через формы-контактов сайтов предприятий России и СНГ.','Здравствуйте! \r\n \r\nРассылки ваших сообщений через формы-контактов сайтов фирм Российской Федерации и СНГ.  \r\nРазошлём ваши сообщения через формы обратной связи сайтов организаций по всем странам и доменным зонам мира.  \r\n \r\nhttps://kontakt-forma.cn/ \r\n \r\nВаше коммерческое предложение приходит на контактный E-mail предприятия. \r\n \r\nТест: \r\nдвадцать тысяч сообщений по РФ на ваш адрес электронной почты - тысяча рублей. \r\n20000 сообщений по зарубежным зонам на ваш почтовый ящик - 20 долларов. \r\nОт вас требуется E-mail, заголовок и текст письма. \r\n \r\nОрганизации Российской Федерации - 4025015 организаций - 3000 руб за 1 миллион. \r\n \r\nМосква и Московская обл. 976829 предприятий - 5000 руб. \r\n \r\nСанкт-Петербург и Ленинградская область 654194 предприятий - 5000 руб. \r\n \r\nНовые предприятия Российской Федерации зарегистрированные в 2016-2020 году 970660 доменов - 5000 рублей. \r\n \r\nНовые домены Российской Федерации, зарегистрированные 24-48 часов назад (Цикл из 15 рассылок в течение месяца). - 15000 руб. \r\n \r\nРусскоговорящие страны, например: \r\nУкраїна 860236 сайтов – 5000 руб \r\nBelarus 114254 доменов – 5000 рублей \r\nКазахстан 121391 доменов – 5000 руб \r\nLatvija 96566 сайтов — 5000 руб \r\nЛитва 124182 доменов — 5000 руб \r\nЭстония 119701 доменных имён — 5000 руб \r\nи.т.д. \r\n \r\nВсе русскоговорящие страны минус Россия 15 стран 2389780 доменов - 10000 рублей. \r\n \r\nВся Европа 44 страны 60726150 доменов - 60000 рублей. \r\n \r\nВесь European Union 28 стран 56752547 доменов- 55000 рублей. \r\n \r\nВся Asia 48 стран 14662004 сайтов - 15000 рублей. \r\n \r\nВся Африка 50 стран 1594390 доменов - 10000 рублей. \r\n \r\nВся Центральная и Северная Америка 35 стран 7441637 доменов - 15000 руб. \r\n \r\nВся Южная Америка 14 стран 5826884 доменных имён - 10000 руб. \r\n \r\nРассылки по движкам сайтов: \r\nAmiro 1794 доменных имён 1000 руб. \r\nBitrix 278751 сайтов 3000 руб. \r\nБигкомерц 78257доменов - 2000 рублей. \r\nConcrete5 39121 доменов 2000 руб. \r\nКонтенидо 5096 доменов 1000 руб. \r\nCubeCart 1062 доменных имён 1000 рублей. \r\nCMSimple 11052 сайтов 1000 рублей. \r\n CS Cart 1180доменных имён 1000 рублей. \r\nДЛЕ 29438 доменных имён 2000 рублей. \r\nДискуз 47962 доменов 2000 рублей. \r\nDNN 82964 доменов 2000 руб. \r\nDrupal 978298 доменов 5000 руб. \r\nFlexbe 15072 доменов 1000 рублей. \r\nХост CMS 5042 доменных имён 1000 рублей. \r\nInstantCMS 4136 доменных имён 1000 руб. \r\nInSales 11081 доменных имён 1000 руб. \r\nИнвизион Повер Боард 2430 доменных имён 1000 руб. \r\nJoomla 1906994 сайтов 10000 руб. \r\nЛайфрей 5137 доменов 1000 руб. \r\nMagento 369447 сайтов 3000 рублей. \r\nМод икс 64023 доменных имён 2000 руб. \r\nMovable Type 9171 доменов 1000 руб. \r\nНетКэт 6636 доменов 1000 руб. \r\nНопКомерс	3892 доменных имён 1000 рублей. \r\nOpenCart 415575 доменов 3000 рублей. \r\nOpenCms,Опэнцмс 5916 доменов 1000 рублей. \r\nOpen Source Commerce 68468 сайтов 2000 руб. \r\nphpBB 20045 доменов 1000 руб. \r\nPrestashop 328287 доменных имён 2000 руб. \r\nШопифи 2343709 доменных имён 3000 руб. \r\nСимпла 17429 сайтов 1000 рублей. \r\nСайтфинити	4183 доменов 1000 рублей. \r\nTextpattern,Текстпатерн 882 доменов 1000 руб. \r\nTilda,Тилда 47396 доменов 2000 руб. \r\nТайпо3845009 сайтов 3000 рублей. \r\nЮМИ ЦМС 13191 сайтов 2000 рублей. \r\nvBulletin 14460 сайтов 1000 рублей. \r\nWix 3379081 доменов 10000 рублей. \r\nWordpress 35354537 доменов 30000 руб. \r\nWooCommerce 4459525 доменов 15000 руб. \r\nXenForo,Хенфоро 21105 доменов 1000 руб. \r\nZen Cart,Зенкарт 26524 сайтов 1000 руб. \r\n \r\nВыборки по отраслям Российской Федерации: \r\nB2B услуги, Cars, Avtoservis, Avtotovary, Bezopasnost, Business, Computers and Internet, Krasota, Culture and art, Medicine and Pharmacy, Mesta i topograficheskie obekty,Наука и образование, Образование, Общепит, Общество, Отдых и туризм, Products, Production and supply, Industrial goods, Entertainment, Реклама и полиграфия, Remont strojka, Семья дети домашние животные, Specmagaziny, Sport, Справочно-информационные системы, Sredstva massovoj informacii, Stroitelstvo i nedvizhimost, Telecommunications and communication, Tovary dlya doma i dachi, Transport and transportation, Uslugi \r\n \r\nНапример: \r\nИнтернет-магазины России 237462 сайтов — 5000 рублей. \r\nИнтернет магазины 14 стран бывшего СССР 44840  доменных имён— 5000 руб. \r\nИнтернет-магазины Весь мир 3516251 доменов — 10000 руб. \r\nПоставщики и оптовики России 52678 доменов — 5000 руб. \r\nОрганизации \"Услуги 1С\" 3108 доменных имён — 5000 руб. \r\nСтудии изготовление лендингов Россия и СНГ 5852 доменных имён — 5000 рублей. \r\nВЕб-студии РФ и СНГ 50949 доменных имён — 5000 руб. \r\nСтроительство и Недвижимость РФ 360404 сайтов — 5000 руб. \r\nТранспортные компании РФ 117813 доменных имён — 5000 руб. \r\nАвто Россия 572901 сайтов -5000 рублей. \r\nМедицина и фармацевтика РФ 380282 доменов - 5000рублей. \r\nТехцентры России 75463 доменов - 5000руб. \r\nОхрана 40867 доменов Россия - 5000рублей. \r\nГосударственные органы власти Весь мир 354924 доменных имён — 5000руб. \r\nКомпьютеры и интернет 162418 доменов Россия - 5000рублей. \r\nКрасота Россия 157000 доменных имён - 5000руб. \r\nОбразование Россия 115256 сайтов - 5000руб. \r\nОбщепит России 90237 сайтов - 5000руб. \r\nПродукты питания Россия 189221 доменов- 5000рублей. \r\nПроизводство и поставки Россия 135081 доменов - 5000руб. \r\nРеклама и полиграфия Россия 154036 доменов - 5000руб. \r\nСпорт Россия 89564 доменов - 5000рублей. \r\nТелекоммуникации и связь 18548 доменов Россия - 5000руб. \r\nТуризм и отдых Россия 256741 доменных имён - 5000руб. \r\nХостинг Весь мир 1499203 сайтов - 1000рублей. \r\nЭкспорт-Импорт Россия СНГ 37795 доменных имён - 5000рублей. \r\n \r\nРегионы России: \r\nАбакан и Республика Хакасия 37227доменных имён - 5000рублей. \r\nЧукотский автономный округ и Анадырь 2008доменов - 5000руб. \r\nАрхангельск и Архангельская область 40594доменных имён - 5000руб. \r\nАстраханская область и Астрахань 40084доменных имён - 5000рублей. \r\nБарнаул и Алтайский край 64123сайтов - 5000рублей. \r\nБелгород и Белгородская область 38257сайтов - 5000руб. \r\nЕврейский автономный округ и Биробиджан округ 3487доменных имён - 5000руб. \r\nБлаговещенск и Амурская область 24790доменных имён - 5000руб. \r\nБрянск и Брянская область 32499доменных имён - 5000рублей. \r\nНовгородская область и Великий Новгород 18849доменов - 5000рублей. \r\nВладивосток и Приморский край 50051доменных имён - 5000рублей. \r\nРеспублика Северная Осетия и Владикавказ 8987доменов - 5000руб. \r\nВладимирская область и Владимир 62252доменных имён - 5000рублей. \r\nВолгоградская область и Волгоград 78537доменных имён - 5000руб. \r\nВологодская область и Вологда 52476доменных имён - 5000рублей. \r\nВоронежская область и Воронеж 28782доменных имён - 5000рублей. \r\nРеспублика Алтай и Горно-Алтайск 49027доменов - 5000руб. \r\nГрозный и Чеченская Республика 7829доменных имён - 5000руб. \r\nСвердловская область и Екатеринбург - 119920доменов - 5000рублей. \r\nИвановская область и Иваново 43750сайтов - 5000рублей. \r\nРеспублика Удмуртия и Ижевск 38255доменных имён - 5000рублей. \r\nЙошкар-Ола и Республика Марий Эл 10431доменных имён - 5000руб. \r\nИркутск и Иркутская область 64484доменных имён — 5000рублей. \r\nКазань и Республика Татарстан - 121992доменных имён - 5000руб. \r\nКалининград и Калининградская область 32568доменных имён - 5000руб. \r\nКалуга и Калужская область 36623доменов - 5000руб. \r\nКемеровская область и Кемерово 46708доменов - 5000 рублей. \r\nКировская область и Киров 40374доменов - 5000рублей. \r\nКострома и Костромская область 19720доменных имён - 5000руб. \r\nКраснодарский край Краснодар 163489доменов - 5000рублей. \r\nКрасноярск и Красноярский край 89698доменов - 5000рублей. \r\nКурганская область и Курган 36560доменов - 5000рублей. \r\nКурская область и Курск 16384доменных имён - 5000рублей. \r\nКызыл и Республика Тыва 1486доменов - 5000рублей. \r\nЛипецк и Липецкая область 20003сайтов - 5000рублей. \r\nМагаданская область и Магадан 3785сайтов - 5000руб. \r\nРеспублика Ингушетия и Магас 2204доменных имён - 5000рублей. \r\nРеспублика Адыгея и Майкоп 3976доменов - 5000руб. \r\nМахачкала и Республика Дагестан 17161доменов - 5000рублей. \r\nМосква и Подмосковье – 976829 сайтов - 5000руб. \r\nМурманская область и Мурманск 26592 доменов - 5000руб. \r\nНальчик и Республика Кабардино-Балкария 3119 доменных имён - 5000рублей. \r\nНарьян-Мар и Ненецкий автономный округ 1150доменов - 5000руб. \r\nНижний Новгород и Нижегородская область 119897доменных имён - 5000руб. \r\nНовосибирск и Новосибирская область 163292сайтов - 5000руб. \r\nОмская область и Омск 127682доменных имён - 5000руб. \r\nОрел и Орловская область 24666сайтов - 5000руб. \r\nОренбургская область и Оренбург 26801доменов - 5000руб. \r\nПенза и Пензенская область 22380доменов - 5000рублей. \r\nПермский край и Пермь 60192доменных имён - 5000руб. \r\nРеспублика Карелия и Петрозаводск 15971доменов - 5000рублей. \r\nПетропавловск-Камчатский и Камчатский край 14648доменов - 5000рублей. \r\nПсковская область и Псков 14515доменных имён - 5000рублей. \r\nРостовская область и Ростов-На-Дону 30828доменов - 5000рублей. \r\nРязань и Рязанская область 12258сайтов - 5000рублей. \r\nСалехард и Ямало-Ненецкий автономный округ 3759доменных имён - 5000рублей. \r\nСамара и Самарская область 124452сайтов — 5000руб. \r\nЛенинградская область и Санкт-Петербург – 654194доменов - 5000руб. \r\nРеспублика Мордовия и Саранск 4718доменных имён - 5000рублей. \r\nСаратовская область и Саратов 20999сайтов - 5000рублей. \r\nРеспублика Крым и Севастополь 49444доменов - 5000рублей. \r\nСмоленская область и Смоленск 6728сайтов - 5000рублей. \r\nСтаврополь и Ставропольской край 53925доменов -5000руб. \r\nСыктывкар и Республика Коми 27979доменов - 5000рублей. \r\nТамбовская область и Тамбов 7070сайтов - 5000рублей. \r\nТверь и Тверская область 8752доменов - 5000рублей. \r\nТомск и Томская область 14945сайтов - 5000рублей. \r\nТула и Тульская область 16679доменных имён - 5000рублей. \r\nТюменская область и Тюмень 91044доменных имён - 5000руб. \r\nУлан-Удэ и Республика Бурятия 11339сайтов - 5000рублей. \r\nУльяновская область и Ульяновск 11786доменных имён - 5000руб. \r\nРеспублика Башкортостан и Уфа 68615доменов - 5000рублей. \r\nХабаровск и Хабаровский край 78835доменных имён - 5000рублей. \r\nХанты-Мансийский автономный округ и Ханты-Мансийск 56782сайтов - 5000рублей. \r\nЧебоксары и Чувашская Республика 89062доменных имён - 5000рублей. \r\nЧелябинск и Челябинская область 108852сайтов - 5000руб. \r\nЧеркесск и Республика Карачаево-Черкессия 1629доменов - 5000руб. \r\nЧита и Забайкальский край 16891доменов - 5000рублей. \r\nРеспублика Калмыкия и Элиста 17892доменов - 5000рублей. \r\nЮжно-Сахалинск и Сахалинская область 16507доменных имён - 5000руб. \r\nРеспублика Саха и Якутск 29226доменных имён - 5000рублей. \r\nЯрославская область и Ярославль 89341сайтов - 5000руб. \r\n \r\nБазы для рассылок: \r\nОрганизации из сервисов Yandex и Google карт собранные по ОКАТО: 966 гор., 42187/108072 крупных/мелких населённых пунктов России. \r\nОрганизации и Предприятия РФ из: Yellow pages, 2Гис, Рос-биз, Actinfo, Алинформ, Бтк-онлайн,Бигфоунбук, МБТГ, Gdetomesto, Гдебиз, E-adres, B2B-russia, Zakazrf, Sam5, Foliant, Ярмэп, Топплан, Tel09, Spravochnik-09, ЕГТС, SPR, Интервеб.спб, Moscowfirma, ЕГРЮЛ, Data.mos, Мосгид, Мск.справкер и другие. \r\nБазы WHOIS сайтов всех стран мира. \r\nВы можете приобрести наши базы отдельно от рассылки по запросу. \r\n \r\nP/S \r\nПжл. не отвечайте на это предложение со своего почтового ящика, так как оно создано автоматически и никуда не дойдёт! \r\nИспользуйте для связи контакт-форму <a href=https://kontakt-forma.cn/>рассылка по формам обратной связи</a>','2020-12-07 17:48:44','2020-12-07 17:48:44'),(30,'GeorgeTes','lndpgrf@rambler.ru','87641145599','Массовый постинг на Авито и Юле с разных аккаунтов. Все под ключ','Здравствуйте! \r\n \r\nПредлагаем размещение объявлений и товаров на Авито и Юле в виде массового постинга с гарантией от блокировки или в виде создания официального магазина на АВИТО -- http://rupr1.site/avito. \r\n \r\nЭта услуга подходит для любого вида товаров и услуг. Авито и Юла это огромные площадки с общей посещаемостью более 10 млн человек в сутки, что даст вашей рекламе огромные охваты и возможность искать любых клиентов в любых сферах. \r\n \r\nМожем размещать любые объемы, в любых городах и по любому графику (хоть каждый час) — в том числе и одинаковые объявления без блокировок. \r\n \r\nВы значительно увеличите количество заявок с помощью данной услуги, т.к.: \r\n1. На Авито и Юле находятся самые «горячие» покупатели товаров и услуг \r\n2. Стоимость клиента, пока значительно ниже, чем при контекстной рекламе \r\n3. На Авито и Юле еще небольшая конкуренция (опять-же пока…) \r\n \r\nИнтересно? \r\n \r\nОставьте заявку на услугу или консультацию на этом сайте http://rupr1.site/avito','2020-12-07 22:57:30','2020-12-07 22:57:30'),(31,'HarryPob','bdndndndnd@rambler.ru','86942116521','Подготовим свежую базу юрлиц любого региона России по любому виду деятельности','Приветствуем вас! \r\nПредлагаем хорошую базу данных действующих компаний РФ с высокой достоверностью для телефонных продаж или email-маркетинга --- http://iroobiz24.site \r\n \r\nИмея на руках такую базу ваше предприятие привлечет много новых партнеров которые нужны вашей компании и вы увеличите свою прибыль. \r\n \r\nПо каждой компании в нашей базе содержатся актуальные данные. \r\n \r\nЗакажите базу сейчас на этом сайте http://iroobiz24.site','2020-12-08 18:03:10','2020-12-08 18:03:10'),(32,'James Mercer','no-reply@google.com','88253632932','cheap monthly SEO plans','Hеllо! \r\nI have just checked freetaxi.ge for the ranking keywords and seen that your SEO metrics could use a boost. \r\n \r\nWe will improve your SEO metrics and ranks organically and safely, using only whitehat methods, while providing monthly reports and outstanding support. \r\n \r\nPlease check our pricelist here, we offer SEO at cheap rates. \r\nhttps://www.hilkom-digital.de/cheap-seo-packages/ \r\n \r\nStart increasing your sales and leads with us, today! \r\n \r\nregards \r\nHilkom Digital Team \r\nsupport@hilkom-digital.de','2020-12-09 06:33:52','2020-12-09 06:33:52'),(33,'Meridith','freetaxi.ge@freetaxi.ge','07471 47 09 04','freetaxi.ge','Hello WWW.freetaxi.ge\r\n\r\n\r\nNotice Expiry ON: Dec 09, 2020 !\r\n\r\n\r\nWe have actually not gotten a payment from you.\r\nWe have actually attempted to contact you yet were incapable to contact you about freetaxi.ge\r\n\r\n\r\nVisit: https://domainlogging.com/?web=freetaxi.ge\r\n\r\n\r\nFor information and to make a optional settlement for your domain website solutions.\r\n\r\n\r\n\r\n12092020060845','2020-12-09 11:08:53','2020-12-09 11:08:53'),(34,'MicahTus','cltzrfwert@rambler.ru','81193561234','Услуги колл-центра, холодный обзвон, возврат клиентов, информирование, приглашение на мероприятия и т.д.','Здравствуйте! \r\n \r\nВас приветствует федеральный колл-центр http://rupr1.site/actual \r\n \r\nМы профессионально занимаемся исходящим телемаркетингом (обзвоном клиентов). \r\n \r\nВоспользуйтесь услугами нашего колл-центра и вы получите много новых заявок, найдете новых клиентов, вернете старых и увеличите свою прибыль в разы. \r\n \r\nМы можем для вас найти много новых клиентов (холодный обзвон, привлечение клиентов, назначение встреч, звонков, актуализация клиентской базы и т.д.). \r\n \r\nИли напомнить вашим старым клиентам о компании, услугах, пригласить к вам, рассказать об акции (обзвон по базе ваших клиентов, анкетирование и опросы, возврат клиентов, информирование по телефону и т.д.). \r\n \r\nИ все это дает очень хорошие результаты в любой сфере. \r\n \r\nКонверсия в лиды до 30%. \r\n \r\nТакже умеем приглашать на любые мероприятия и круто обрабатываем заявки. \r\n \r\nЕсли необходимо напишем скрипт (сценарий разговора) и сформируем любую базу под ваши критерии. \r\n \r\nПредоставляется вся отчетности и аудиозаписи всех разговоров. \r\n \r\nЕсли Вас заинтересовало наше предложение по обзвону и вам нужны новые клиенты или нужно  вернуть старых, перейдите на наш сайт http://rupr1.site/coldcalls чтобы узнать больше о компании и сделать заявку. \r\n \r\nНаш специалист по телемаркетингу оперативно вам перезвонит и ответит на все вопросы. \r\n \r\nНаш сайт:  http://rupr1.site','2020-12-09 11:32:15','2020-12-09 11:32:15'),(35,'to2getrrfl','to2get@rambler.ru','1234567890','Комплексное продвижение вашего бизнеса в Инстаграм по минимальной цене!','Здравствуйте! \r\n \r\nХотим поделиться секретом: мы с командой разработали план продвижение вашего бизнеса в онлайне.  \r\nПерейдите на наш сайт https://to2get.ru/ и мы поможем во всем разобраться. \r\nНаша цель – результат!\"','2020-12-10 13:36:58','2020-12-10 13:36:58'),(36,'contticsm','coifalek1988@rambler.ru','84815343929','Рассылки по контактным-формам сайтов фирм Российской Федерации.','Добрый день! \r\n \r\nПредлагаем рассылку ваших коммерческих предложений по контактным-формам сайтов фирм РФ.  \r\nРассылки ваших коммерческих предложений через контактные-формы сайтов предприятий по всем странам и доменным зонам мира на всех языках.  \r\n \r\nhttps://kontakt-forma.cn/ \r\n \r\nВаше предложение приходит на контактный E-mail фирмы. \r\n \r\nТест: \r\n20000 сообщений по РФ на ваш электронный адрес - 1000 рублей. \r\nдвадцать тысяч сообщений по зарубежным зонам на ваш электронный ящик - 20 $. \r\nОт вас требуется адрес электронной почты, заголовок и текст письма. \r\n \r\nПредприятия и организации РФ - 4025015 предприятий - 3000 руб за 1 миллион. \r\n \r\nМосква и Московская обл. 976829 предприятий - 5000 руб. \r\n \r\nСанкт-Петербург и Ленинградская область 654194 предприятий - 5000 руб. \r\n \r\nНовые организации РФ зарегистрированные в 2016-2020 году 970660 сайтов - 5000 руб. \r\n \r\nНовые сайты Российской Федерации, зарегистрированные 24-48 часов назад (Цикл из 15 рассылок в течение месяца). - 15000 руб. \r\n \r\nРусскоговорящие страны, например: \r\nUkraine 860236 доменов – 5000 рублей \r\nБеларусь 114254 доменных имён – 5000 рублей \r\nКазахстан 121391 доменов – 5000 рублей \r\nЛатвия 96566 доменных имён — 5000 руб \r\nLietuva 124182 доменов — 5000 руб \r\nEstonia 119701 доменов — 5000 рублей \r\nи.т.д. \r\n \r\nВсе русскоговорящие страны минус Российская Федерация 15 стран 2389780 сайтов - 10000 рублей. \r\n \r\nВся Europe 44 страны 60726150 доменов - 60000 руб. \r\n \r\nВесь European Union 28 стран 56752547 доменов- 55000 руб. \r\n \r\nВся Asia 48 стран 14662004 сайтов - 15000 рублей. \r\n \r\nВся Африка 50 стран 1594390 доменов - 10000 рублей. \r\n \r\nВся Центральная и Северная America 35 стран 7441637 доменов - 15000 рублей. \r\n \r\nВся Южная America 14 стран 5826884 доменов - 10000 руб. \r\n \r\nРассылки по движкам сайтов: \r\nAmiro 1794 сайтов 1000 рублей. \r\nБитрикс 278751 доменов 3000 рублей. \r\nBigCommerce 78257сайтов - 2000 руб. \r\nКонкретэ5 39121 доменных имён 2000 рублей. \r\nКонтенидо 5096 доменов 1000 руб. \r\nCubeCart 1062 сайтов 1000 руб. \r\nCMSimple 11052 сайтов 1000 рублей. \r\nЦскарт 1180доменов 1000 руб. \r\nДЛЕ 29438 доменных имён 2000 руб. \r\nДискуз 47962 доменных имён 2000 руб. \r\nДотнетнук 82964 доменных имён 2000 рублей. \r\nДрупал 978298 доменов 5000 руб. \r\nFlexbe 15072 доменных имён 1000 руб. \r\nХост ЦМС 5042 доменов 1000 руб. \r\nInstantCMS 4136 доменных имён 1000 рублей. \r\nИнсалес 11081 сайтов 1000 руб. \r\nInvision Power Board 2430 доменных имён 1000 рублей. \r\nJoomla 1906994 сайтов 10000 рублей. \r\nLiferay 5137 сайтов 1000 руб. \r\nMagento 369447 доменных имён 3000 рублей. \r\nMODx 64023 доменов 2000 руб. \r\nMovable Type 9171 доменных имён 1000 руб. \r\nNetCat 6636 сайтов 1000 руб. \r\nNopCommerce	3892 сайтов 1000 рублей. \r\nOpenCart 415575 доменов 3000 руб. \r\nOpenCms,Опэнцмс 5916 доменов 1000 руб. \r\nOpen Source Commerce 68468 сайтов 2000 руб. \r\nphpBB 20045 доменов 1000 руб. \r\nПресташоп 328287 доменов 2000 рублей. \r\nShopify 2343709 доменных имён 3000 руб. \r\nСимпла 17429 доменных имён 1000 руб. \r\nSitefinity	4183 доменных имён 1000 руб. \r\nTextpattern,Текстпатерн 882 доменов 1000 рублей. \r\nTilda,Тилда 47396 доменов 2000 руб. \r\nTYPO3845009 сайтов 3000 руб. \r\nUMI.CMS 13191 доменов 2000 руб. \r\nВблютин 14460 доменов 1000 рублей. \r\nWix 3379081 доменных имён 10000 руб. \r\nВордпресс 35354537 сайтов 30000 руб. \r\nВукомерц 4459525 сайтов 15000 руб. \r\nXenForo,Хенфоро 21105 доменных имён 1000 рублей. \r\nZen Cart,Зенкарт 26524 доменных имён 1000 рублей. \r\n \r\nВыборки по сферам деятельности РФ: \r\nB2B services, Автомобили, Car service, Avtotovary, Безопасность, Business, Computers and Internet, Krasota, Culture and art, Medicine and Pharmacy, Места и топографические обьекты,Nauka i obrazovanie, Obrazovanie, Общепит, Obshchestvo, Отдых и туризм, Продукты, Производство и поставки, Промышленные товары, Развлечения, Advertising and printing, Ремонт стройка, Family children pets, Specmagaziny, Sport, Справочно-информационные системы, Средства массовой информации, Stroitelstvo i nedvizhimost, Телекоммуникации и связь, Home and garden, Transport i perevozki, Uslugi \r\n \r\nНапример: \r\nИнтернет-магазины РФ 237462 сайтов — 5000 рублей. \r\nИнтернет магазины 14 стран бывшего СССР 44840  доменов— 5000 рублей. \r\nИнтернет-магазины Весь мир 3516251 доменов — 10000 руб. \r\nПоставщики и оптовики РФ 52678 сайтов — 5000 руб. \r\n\"Услуги 1С\" 3108 доменных имён — 5000 рублей. \r\nСтудии изготовление лендингов РФ и СНГ 5852 сайтов — 5000 руб. \r\nСЕО агенства Россия и СНГ 50949 доменов — 5000 руб. \r\nСтроительство и Недвижимость Россия 360404 доменных имён — 5000 рублей. \r\nТранспортные компании РФ 117813 сайтов — 5000 руб. \r\nАвто РФ 572901 доменов -5000 руб. \r\nМедицина и фармацевтика РФ 380282 доменов - 5000рублей. \r\nТехцентры России 75463 доменов - 5000рублей. \r\nОхрана 40867 сайтов Россия - 5000руб. \r\nГосударственные органы всего мира 354924 сайтов — 5000рублей. \r\nКомпьютеры и интернет 162418 доменных имён Россия - 5000рублей. \r\nКрасота Россия 157000 доменов - 5000руб. \r\nОбразование Россия 115256 доменных имён - 5000рублей. \r\nОбщепит России 90237 сайтов - 5000рублей. \r\nПродукты Россия 189221 доменов- 5000руб. \r\nПроизводство и поставки Россия 135081 сайтов - 5000рублей. \r\nРеклама и полиграфия Россия 154036 доменных имён - 5000руб. \r\nSport Россия 89564 сайтов - 5000рублей. \r\nТелекоммуникации и связь 18548 сайтов Россия - 5000руб. \r\nТуризм и отдых Россия 256741 сайтов - 5000руб. \r\nХостинг всего мира 1499203 доменов - 1000руб. \r\nИмпорт-Экспорт Россия СНГ 37795 сайтов - 5000руб. \r\n \r\nРегионы России: \r\nАбакан и Республика Хакасия 37227доменов - 5000рублей. \r\nАнадырь и Чукотский автономный округ 2008сайтов - 5000рублей. \r\nАрхангельск и Архангельская область 40594доменных имён - 5000рублей. \r\nАстрахань и Астраханская область 40084сайтов - 5000рублей. \r\nБарнаул и Алтайский край 64123доменных имён - 5000руб. \r\nБелгород и Белгородская область 38257доменов - 5000рублей. \r\nЕврейский автономный округ и Биробиджан округ 3487доменов - 5000рублей. \r\nАмурская область и Благовещенск 24790сайтов - 5000руб. \r\nБрянск и Брянская область 32499доменных имён - 5000рублей. \r\nВеликий Новгород и Новгородская область 18849доменных имён - 5000руб. \r\nПриморский край и Владивосток 50051сайтов - 5000руб. \r\nВладикавказ и Республика Северная Осетия 8987доменов - 5000рублей. \r\nВладимирская область и Владимир 62252доменных имён - 5000руб. \r\nВолгоград и Волгоградская область 78537доменных имён - 5000рублей. \r\nВологодская область и Вологда 52476сайтов - 5000руб. \r\nВоронежская область и Воронеж 28782сайтов - 5000рублей. \r\nГорно-Алтайск и Республика Алтай 49027доменных имён - 5000рублей. \r\nГрозный и Чеченская Республика 7829доменов - 5000рублей. \r\nЕкатеринбург и Свердловская область - 119920доменных имён - 5000рублей. \r\nИвановская область и Иваново 43750доменных имён - 5000руб. \r\nРеспублика Удмуртия и Ижевск 38255доменных имён - 5000рублей. \r\nЙошкар-Ола и Республика Марий Эл 10431доменов - 5000руб. \r\nИркутск и Иркутская область 64484доменных имён — 5000руб. \r\nКазань и Республика Татарстан - 121992сайтов - 5000рублей. \r\nКалининград и Калининградская область 32568сайтов - 5000руб. \r\nКалужская область и Калуга 36623доменов - 5000рублей. \r\nКемерово и Кемеровская область 46708доменов - 5000 рублей. \r\nКиров и Кировская область 40374доменных имён - 5000руб. \r\nКостромская область и Кострома 19720доменных имён - 5000рублей. \r\nКраснодарский край и Краснодар 163489сайтов - 5000руб. \r\nКрасноярск и Красноярский край 89698доменных имён - 5000руб. \r\nКурганская область и Курган 36560доменов - 5000руб. \r\nКурская область и Курск 16384доменных имён - 5000рублей. \r\nРеспублика Тыва и Кызыл 1486сайтов - 5000рублей. \r\nЛипецкая область и Липецк 20003сайтов - 5000рублей. \r\nМагадан и Магаданская область 3785доменов - 5000рублей. \r\nМагас и Республика Ингушетия 2204сайтов - 5000руб. \r\nРеспублика Адыгея и Майкоп 3976доменных имён - 5000рублей. \r\nМахачкала и Республика Дагестан 17161доменных имён - 5000рублей. \r\nМосква и Московская область – 976829 доменных имён - 5000рублей. \r\nМурманская область и Мурманск 26592 доменных имён - 5000руб. \r\nРеспублика Кабардино-Балкария и Нальчик 3119 доменных имён - 5000рублей. \r\nНарьян-Мар и Ненецкий автономный округ 1150сайтов - 5000рублей. \r\nНижний Новгород и Нижегородская область 119897доменов - 5000рублей. \r\nНовосибирская область и Новосибирск 163292доменных имён - 5000руб. \r\nОмская область и Омск 127682доменных имён - 5000рублей. \r\nОрел и Орловская область 24666доменов - 5000рублей. \r\nОренбург и Оренбургская область 26801сайтов - 5000руб. \r\nПенза и Пензенская область 22380сайтов - 5000руб. \r\nПермь и Пермский край 60192доменных имён - 5000рублей. \r\nПетрозаводск и Республика Карелия 15971доменов - 5000рублей. \r\nКамчатский край и Петропавловск-Камчатский 14648доменов - 5000руб. \r\nПсков и Псковская область 14515доменных имён - 5000рублей. \r\nРостовская область и Ростов-На-Дону 30828доменных имён - 5000руб. \r\nРязань и Рязанская область 12258сайтов - 5000рублей. \r\nСалехард и Ямало-Ненецкий автономный округ 3759доменных имён - 5000рублей. \r\nСамарская область и Самара 124452доменов — 5000рублей. \r\nСанкт-Петербург и Ленинградская область – 654194доменных имён - 5000рублей. \r\nРеспублика Мордовия и Саранск 4718доменов - 5000рублей. \r\nСаратовская область и Саратов 20999доменов - 5000руб. \r\nРеспублика Крым и Севастополь 49444доменных имён - 5000руб. \r\nСмоленск и Смоленская область 6728доменов - 5000руб. \r\nСтавропольский край и Ставрополь 53925доменов -5000руб. \r\nРеспублика Коми и Сыктывкар 27979доменов - 5000рублей. \r\nТамбовская область и Тамбов 7070сайтов - 5000рублей. \r\nТверь и Тверская область 8752доменов - 5000рублей. \r\nТомск и Томская область 14945доменных имён - 5000руб. \r\nТульская область и Тула 16679доменов - 5000руб. \r\nТюменская область и Тюмень 91044доменов - 5000руб. \r\nУлан-Удэ и Республика Бурятия 11339доменов - 5000рублей. \r\nУльяновск и Ульяновская область 11786доменов - 5000рублей. \r\nРеспублика Башкортостан и Уфа 68615доменных имён - 5000руб. \r\nХабаровский край и Хабаровск 78835доменных имён - 5000рублей. \r\nХанты-Мансийский автономный округ и Ханты-Мансийск 56782сайтов - 5000рублей. \r\nЧувашская Республика и Чебоксары 89062доменов - 5000рублей. \r\nЧелябинск и Челябинская область 108852доменных имён - 5000рублей. \r\nЧеркесск и Республика Карачаево-Черкессия 1629доменных имён - 5000руб. \r\nЧита и Забайкальский край 16891доменных имён - 5000руб. \r\nРеспублика Калмыкия и Элиста 17892доменов - 5000руб. \r\nСахалинская область и Южно-Сахалинск 16507доменов - 5000рублей. \r\nРеспублика Саха и Якутск 29226доменных имён - 5000руб. \r\nЯрославль и Ярославская область 89341доменных имён - 5000рублей. \r\n \r\nНаши базы: \r\nПредприятия из сервисов Яндекс и Google карт собранные по ОКАТО: 966 городов, 42187/108072 крупных/мелких населённых пунктов Российской Федерации. \r\nОрганизации и Предприятия России из: Ypag, 2Гис, Ros-bis, Actinfo, Алинформ, Бтк-онлайн,Bigphonebook, МБТГ, Gdetomesto, Gdebiz, Евро-адрес, B2B-russia, Zakazrf, Sam5, Фолиант, Yarmap, Топплан, Тел09, Spravochnik-09, ЕГТС, СПР, Interweb.spb, Moscowfirma, EGRUL, Data.mos, Мосгид, Мск.справкер и др. \r\nБазы ВОЙС доменных имён всех государств мира. \r\nВы можете приобрести наши базы отдельно от рассылки по запросу. \r\n \r\nP/S \r\nПожалуйста не отвечайте на это письмо со своего электронного ящика, так как оно создано автоматически и никуда не дойдёт! \r\nИспользуйте для связи контакт-форму <a href=https://kontakt-forma.cn/>рассылка через контакт формы</a>','2020-12-12 07:09:56','2020-12-12 07:09:56');
/*!40000 ALTER TABLE `contacts` ENABLE KEYS */;
UNLOCK TABLES;

--
-- Table structure for table `data_rows`
--

DROP TABLE IF EXISTS `data_rows`;
/*!40101 SET @saved_cs_client     = @@character_set_client */;
/*!40101 SET character_set_client = utf8 */;
CREATE TABLE `data_rows` (
  `id` int(10) unsigned NOT NULL AUTO_INCREMENT,
  `data_type_id` int(10) unsigned NOT NULL,
  `field` varchar(191) COLLATE utf8mb4_unicode_ci NOT NULL,
  `type` varchar(191) COLLATE utf8mb4_unicode_ci NOT NULL,
  `display_name` varchar(191) COLLATE utf8mb4_unicode_ci NOT NULL,
  `required` tinyint(1) NOT NULL DEFAULT 0,
  `browse` tinyint(1) NOT NULL DEFAULT 1,
  `read` tinyint(1) NOT NULL DEFAULT 1,
  `edit` tinyint(1) NOT NULL DEFAULT 1,
  `add` tinyint(1) NOT NULL DEFAULT 1,
  `delete` tinyint(1) NOT NULL DEFAULT 1,
  `details` text COLLATE utf8mb4_unicode_ci DEFAULT NULL,
  `order` int(11) NOT NULL DEFAULT 1,
  PRIMARY KEY (`id`),
  KEY `data_rows_data_type_id_foreign` (`data_type_id`),
  CONSTRAINT `data_rows_data_type_id_foreign` FOREIGN KEY (`data_type_id`) REFERENCES `data_types` (`id`) ON DELETE CASCADE ON UPDATE CASCADE
) ENGINE=InnoDB AUTO_INCREMENT=100 DEFAULT CHARSET=utf8mb4 COLLATE=utf8mb4_unicode_ci;
/*!40101 SET character_set_client = @saved_cs_client */;

--
-- Dumping data for table `data_rows`
--

LOCK TABLES `data_rows` WRITE;
/*!40000 ALTER TABLE `data_rows` DISABLE KEYS */;
INSERT INTO `data_rows` (`id`, `data_type_id`, `field`, `type`, `display_name`, `required`, `browse`, `read`, `edit`, `add`, `delete`, `details`, `order`) VALUES (1,1,'id','number','ID',1,0,0,0,0,0,NULL,1),(2,1,'name','text','Name',1,1,1,1,1,1,NULL,2),(3,1,'email','text','Email',1,1,1,1,1,1,NULL,3),(4,1,'password','password','Password',1,0,0,1,1,0,NULL,4),(5,1,'remember_token','text','Remember Token',0,0,0,0,0,0,NULL,5),(6,1,'created_at','timestamp','Created At',0,1,1,0,0,0,NULL,6),(7,1,'updated_at','timestamp','Updated At',0,0,0,0,0,0,NULL,7),(8,1,'avatar','image','Avatar',0,1,1,1,1,1,NULL,8),(9,1,'user_belongsto_role_relationship','relationship','Role',0,1,1,1,1,0,'{\"model\":\"TCG\\\\Voyager\\\\Models\\\\Role\",\"table\":\"roles\",\"type\":\"belongsTo\",\"column\":\"role_id\",\"key\":\"id\",\"label\":\"display_name\",\"pivot_table\":\"roles\",\"pivot\":0}',10),(10,1,'user_belongstomany_role_relationship','relationship','Roles',0,1,1,1,1,0,'{\"model\":\"TCG\\\\Voyager\\\\Models\\\\Role\",\"table\":\"roles\",\"type\":\"belongsToMany\",\"column\":\"id\",\"key\":\"id\",\"label\":\"display_name\",\"pivot_table\":\"user_roles\",\"pivot\":\"1\",\"taggable\":\"0\"}',11),(11,1,'settings','hidden','Settings',0,0,0,0,0,0,NULL,12),(12,2,'id','number','ID',1,0,0,0,0,0,NULL,1),(13,2,'name','text','Name',1,1,1,1,1,1,NULL,2),(14,2,'created_at','timestamp','Created At',0,0,0,0,0,0,NULL,3),(15,2,'updated_at','timestamp','Updated At',0,0,0,0,0,0,NULL,4),(16,3,'id','number','ID',1,0,0,0,0,0,NULL,1),(17,3,'name','text','Name',1,1,1,1,1,1,NULL,2),(18,3,'created_at','timestamp','Created At',0,0,0,0,0,0,NULL,3),(19,3,'updated_at','timestamp','Updated At',0,0,0,0,0,0,NULL,4),(20,3,'display_name','text','Display Name',1,1,1,1,1,1,NULL,5),(21,1,'role_id','text','Role',1,1,1,1,1,1,NULL,9),(22,4,'id','number','ID',1,0,0,0,0,0,NULL,1),(23,4,'parent_id','select_dropdown','Parent',0,0,1,1,1,1,'{\"default\":\"\",\"null\":\"\",\"options\":{\"\":\"-- None --\"},\"relationship\":{\"key\":\"id\",\"label\":\"name\"}}',2),(24,4,'order','text','Order',1,1,1,1,1,1,'{\"default\":1}',3),(25,4,'name','text','Name',1,1,1,1,1,1,NULL,4),(26,4,'slug','text','Slug',1,1,1,1,1,1,'{\"slugify\":{\"origin\":\"name\"}}',5),(27,4,'created_at','timestamp','Created At',0,0,1,0,0,0,NULL,6),(28,4,'updated_at','timestamp','Updated At',0,0,0,0,0,0,NULL,7),(29,5,'id','number','ID',1,0,0,0,0,0,'{}',1),(30,5,'author_id','text','Author',0,0,1,1,0,1,'{}',2),(31,5,'category_id','text','Category',0,0,1,1,1,0,'{}',3),(32,5,'title','text','Title',1,1,1,1,1,1,'{}',4),(33,5,'excerpt','text_area','Excerpt',0,0,1,1,1,1,'{}',5),(34,5,'body','rich_text_box','Body',1,0,1,1,1,1,'{}',6),(35,5,'image','image','Post Image',0,1,1,1,1,1,'{\"resize\":{\"width\":\"1000\",\"height\":\"null\"},\"quality\":\"70%\",\"upsize\":true,\"thumbnails\":[{\"name\":\"medium\",\"scale\":\"50%\"},{\"name\":\"small\",\"scale\":\"25%\"},{\"name\":\"cropped\",\"crop\":{\"width\":\"300\",\"height\":\"250\"}}]}',7),(36,5,'slug','text','Slug',1,0,1,1,1,1,'{\"slugify\":{\"origin\":\"title\",\"forceUpdate\":true},\"validation\":{\"rule\":\"unique:posts,slug\"}}',8),(37,5,'meta_description','text_area','Meta Description',0,0,1,1,1,1,'{}',9),(38,5,'meta_keywords','text_area','Meta Keywords',0,0,1,1,1,1,'{}',10),(39,5,'status','select_dropdown','Status',0,1,1,1,1,1,'{\"default\":\"DRAFT\",\"options\":{\"PUBLISHED\":\"published\",\"DRAFT\":\"draft\",\"PENDING\":\"pending\"}}',11),(40,5,'created_at','timestamp','Created At',0,1,1,0,0,0,'{}',12),(41,5,'updated_at','timestamp','Updated At',0,0,0,0,0,0,'{}',13),(42,5,'seo_title','text','SEO Title',0,1,1,1,1,1,'{}',14),(43,5,'featured','checkbox','Featured',1,1,1,1,1,1,'{}',15),(44,6,'id','number','ID',1,0,0,0,0,0,NULL,1),(45,6,'author_id','text','Author',1,0,0,0,0,0,NULL,2),(46,6,'title','text','Title',1,1,1,1,1,1,NULL,3),(47,6,'excerpt','text_area','Excerpt',1,0,1,1,1,1,NULL,4),(48,6,'body','rich_text_box','Body',1,0,1,1,1,1,NULL,5),(49,6,'slug','text','Slug',1,0,1,1,1,1,'{\"slugify\":{\"origin\":\"title\"},\"validation\":{\"rule\":\"unique:pages,slug\"}}',6),(50,6,'meta_description','text','Meta Description',1,0,1,1,1,1,NULL,7),(51,6,'meta_keywords','text','Meta Keywords',1,0,1,1,1,1,NULL,8),(52,6,'status','select_dropdown','Status',1,1,1,1,1,1,'{\"default\":\"INACTIVE\",\"options\":{\"INACTIVE\":\"INACTIVE\",\"ACTIVE\":\"ACTIVE\"}}',9),(53,6,'created_at','timestamp','Created At',1,1,1,0,0,0,NULL,10),(54,6,'updated_at','timestamp','Updated At',1,0,0,0,0,0,NULL,11),(55,6,'image','image','Page Image',0,1,1,1,1,1,NULL,12),(66,8,'id','text','Id',1,0,0,0,0,0,'{}',1),(67,8,'brand','text','Brand',0,1,1,1,1,1,'{}',2),(68,8,'model','text','Model',0,1,1,1,1,1,'{}',3),(69,8,'base_rate','text','Base Rate',0,1,1,1,1,1,'{}',4),(70,8,'per_mile','text','Per Mile',0,1,1,1,1,1,'{}',5),(71,8,'passengers','number','Passengers',0,1,1,1,1,1,'{}',6),(72,8,'luggage','number','Luggage',0,1,1,1,1,1,'{}',7),(73,8,'image','image','Image',0,1,1,1,1,1,'{}',8),(74,8,'brand_logo','text','Brand Logo',0,1,1,1,1,1,'{}',9),(75,8,'taxi_type','text','Taxi Type',0,1,1,1,1,1,'{}',10),(76,8,'created_at','timestamp','Created At',0,1,1,1,0,1,'{}',11),(77,8,'updated_at','timestamp','Updated At',0,0,0,0,0,0,'{}',12),(78,9,'id','text','Id',1,0,0,0,0,0,'{}',1),(79,9,'title','text','Title',0,1,1,1,1,1,'{}',2),(80,9,'body','rich_text_box','Body',0,1,1,1,1,1,'{}',3),(81,9,'image','image','Image',0,1,1,1,1,1,'{}',4),(82,9,'category','text','Category',0,1,1,1,1,1,'{}',5),(83,9,'created_at','timestamp','Created At',0,1,1,1,0,1,'{}',6),(84,9,'updated_at','timestamp','Updated At',0,0,0,0,0,0,'{}',7),(85,10,'id','text','Id',1,0,0,0,0,0,'{}',1),(86,10,'name','text','Name',0,1,1,1,1,1,'{}',2),(87,10,'image','image','Image',0,1,1,1,1,1,'{}',3),(88,10,'text','rich_text_box','Text',0,1,1,1,1,1,'{}',4),(89,10,'created_at','timestamp','Created At',0,1,1,1,0,1,'{}',5),(90,10,'updated_at','timestamp','Updated At',0,0,0,0,0,0,'{}',6),(91,5,'post_belongsto_user_relationship','relationship','users',0,1,1,1,1,1,'{\"model\":\"App\\\\User\",\"table\":\"users\",\"type\":\"belongsTo\",\"column\":\"author_id\",\"key\":\"name\",\"label\":\"name\",\"pivot_table\":\"categories\",\"pivot\":\"0\",\"taggable\":\"0\"}',16),(92,12,'id','text','Id',1,0,0,0,0,0,'{}',1),(93,12,'table_name','text','Table Name',1,1,1,1,1,1,'{}',2),(94,12,'column_name','text','Column Name',1,1,1,1,1,1,'{}',3),(95,12,'foreign_key','text','Foreign Key',1,1,1,1,1,1,'{}',4),(96,12,'locale','text','Locale',1,1,1,1,1,1,'{}',5),(97,12,'value','text','Value',1,1,1,1,1,1,'{}',6),(98,12,'created_at','timestamp','Created At',0,1,1,1,0,1,'{}',7),(99,12,'updated_at','timestamp','Updated At',0,0,0,0,0,0,'{}',8);
/*!40000 ALTER TABLE `data_rows` ENABLE KEYS */;
UNLOCK TABLES;

--
-- Table structure for table `data_types`
--

DROP TABLE IF EXISTS `data_types`;
/*!40101 SET @saved_cs_client     = @@character_set_client */;
/*!40101 SET character_set_client = utf8 */;
CREATE TABLE `data_types` (
  `id` int(10) unsigned NOT NULL AUTO_INCREMENT,
  `name` varchar(191) COLLATE utf8mb4_unicode_ci NOT NULL,
  `slug` varchar(191) COLLATE utf8mb4_unicode_ci NOT NULL,
  `display_name_singular` varchar(191) COLLATE utf8mb4_unicode_ci NOT NULL,
  `display_name_plural` varchar(191) COLLATE utf8mb4_unicode_ci NOT NULL,
  `icon` varchar(191) COLLATE utf8mb4_unicode_ci DEFAULT NULL,
  `model_name` varchar(191) COLLATE utf8mb4_unicode_ci DEFAULT NULL,
  `policy_name` varchar(191) COLLATE utf8mb4_unicode_ci DEFAULT NULL,
  `controller` varchar(191) COLLATE utf8mb4_unicode_ci DEFAULT NULL,
  `description` varchar(191) COLLATE utf8mb4_unicode_ci DEFAULT NULL,
  `generate_permissions` tinyint(1) NOT NULL DEFAULT 0,
  `server_side` tinyint(4) NOT NULL DEFAULT 0,
  `details` text COLLATE utf8mb4_unicode_ci DEFAULT NULL,
  `created_at` timestamp NULL DEFAULT NULL,
  `updated_at` timestamp NULL DEFAULT NULL,
  PRIMARY KEY (`id`),
  UNIQUE KEY `data_types_name_unique` (`name`),
  UNIQUE KEY `data_types_slug_unique` (`slug`)
) ENGINE=InnoDB AUTO_INCREMENT=13 DEFAULT CHARSET=utf8mb4 COLLATE=utf8mb4_unicode_ci;
/*!40101 SET character_set_client = @saved_cs_client */;

--
-- Dumping data for table `data_types`
--

LOCK TABLES `data_types` WRITE;
/*!40000 ALTER TABLE `data_types` DISABLE KEYS */;
INSERT INTO `data_types` (`id`, `name`, `slug`, `display_name_singular`, `display_name_plural`, `icon`, `model_name`, `policy_name`, `controller`, `description`, `generate_permissions`, `server_side`, `details`, `created_at`, `updated_at`) VALUES (1,'users','users','User','Users','voyager-person','TCG\\Voyager\\Models\\User','TCG\\Voyager\\Policies\\UserPolicy','TCG\\Voyager\\Http\\Controllers\\VoyagerUserController','',1,0,NULL,'2020-04-04 13:26:03','2020-04-04 13:26:03'),(2,'menus','menus','Menu','Menus','voyager-list','TCG\\Voyager\\Models\\Menu',NULL,'','',1,0,NULL,'2020-04-04 13:26:03','2020-04-04 13:26:03'),(3,'roles','roles','Role','Roles','voyager-lock','TCG\\Voyager\\Models\\Role',NULL,'TCG\\Voyager\\Http\\Controllers\\VoyagerRoleController','',1,0,NULL,'2020-04-04 13:26:03','2020-04-04 13:26:03'),(4,'categories','categories','Category','Categories','voyager-categories','TCG\\Voyager\\Models\\Category',NULL,'','',1,0,NULL,'2020-04-04 13:26:04','2020-04-04 13:26:04'),(5,'posts','posts','Post','Posts','voyager-news','TCG\\Voyager\\Models\\Post','TCG\\Voyager\\Policies\\PostPolicy',NULL,NULL,1,0,'{\"order_column\":null,\"order_display_column\":null,\"order_direction\":\"desc\",\"default_search_key\":null,\"scope\":null}','2020-04-04 13:26:04','2020-11-05 22:32:08'),(6,'pages','pages','Page','Pages','voyager-file-text','TCG\\Voyager\\Models\\Page',NULL,'','',1,0,NULL,'2020-04-04 13:26:04','2020-04-04 13:26:04'),(8,'taxis','taxis','Taxi','Taxis','voyager-truck','App\\Taxi',NULL,NULL,NULL,1,0,'{\"order_column\":null,\"order_display_column\":null,\"order_direction\":\"asc\",\"default_search_key\":null,\"scope\":null}','2020-04-11 14:34:28','2020-04-11 14:53:03'),(9,'offers','offers','Offer','Offers','voyager-megaphone','App\\Offer',NULL,NULL,NULL,1,0,'{\"order_column\":null,\"order_display_column\":null,\"order_direction\":\"asc\",\"default_search_key\":null}','2020-04-13 15:22:33','2020-04-13 15:22:33'),(10,'clients','clients','Client','Clients','voyager-people','App\\Client',NULL,NULL,NULL,1,0,'{\"order_column\":null,\"order_display_column\":null,\"order_direction\":\"asc\",\"default_search_key\":null}','2020-04-21 09:24:03','2020-04-21 09:24:03'),(12,'translations','translations','Translation','Translations',NULL,'App\\Translation',NULL,NULL,NULL,1,0,'{\"order_column\":null,\"order_display_column\":null,\"order_direction\":\"asc\",\"default_search_key\":null}','2020-11-05 22:14:54','2020-11-05 22:14:54');
/*!40000 ALTER TABLE `data_types` ENABLE KEYS */;
UNLOCK TABLES;

--
-- Table structure for table `failed_jobs`
--

DROP TABLE IF EXISTS `failed_jobs`;
/*!40101 SET @saved_cs_client     = @@character_set_client */;
/*!40101 SET character_set_client = utf8 */;
CREATE TABLE `failed_jobs` (
  `id` bigint(20) unsigned NOT NULL AUTO_INCREMENT,
  `connection` text COLLATE utf8mb4_unicode_ci NOT NULL,
  `queue` text COLLATE utf8mb4_unicode_ci NOT NULL,
  `payload` longtext COLLATE utf8mb4_unicode_ci NOT NULL,
  `exception` longtext COLLATE utf8mb4_unicode_ci NOT NULL,
  `failed_at` timestamp NOT NULL DEFAULT current_timestamp(),
  PRIMARY KEY (`id`)
) ENGINE=InnoDB DEFAULT CHARSET=utf8mb4 COLLATE=utf8mb4_unicode_ci;
/*!40101 SET character_set_client = @saved_cs_client */;

--
-- Dumping data for table `failed_jobs`
--

LOCK TABLES `failed_jobs` WRITE;
/*!40000 ALTER TABLE `failed_jobs` DISABLE KEYS */;
/*!40000 ALTER TABLE `failed_jobs` ENABLE KEYS */;
UNLOCK TABLES;

--
-- Table structure for table `menu_items`
--

DROP TABLE IF EXISTS `menu_items`;
/*!40101 SET @saved_cs_client     = @@character_set_client */;
/*!40101 SET character_set_client = utf8 */;
CREATE TABLE `menu_items` (
  `id` int(10) unsigned NOT NULL AUTO_INCREMENT,
  `menu_id` int(10) unsigned DEFAULT NULL,
  `title` varchar(191) COLLATE utf8mb4_unicode_ci NOT NULL,
  `url` varchar(191) COLLATE utf8mb4_unicode_ci NOT NULL,
  `target` varchar(191) COLLATE utf8mb4_unicode_ci NOT NULL DEFAULT '_self',
  `icon_class` varchar(191) COLLATE utf8mb4_unicode_ci DEFAULT NULL,
  `color` varchar(191) COLLATE utf8mb4_unicode_ci DEFAULT NULL,
  `parent_id` int(11) DEFAULT NULL,
  `order` int(11) NOT NULL,
  `created_at` timestamp NULL DEFAULT NULL,
  `updated_at` timestamp NULL DEFAULT NULL,
  `route` varchar(191) COLLATE utf8mb4_unicode_ci DEFAULT NULL,
  `parameters` text COLLATE utf8mb4_unicode_ci DEFAULT NULL,
  PRIMARY KEY (`id`),
  KEY `menu_items_menu_id_foreign` (`menu_id`),
  CONSTRAINT `menu_items_menu_id_foreign` FOREIGN KEY (`menu_id`) REFERENCES `menus` (`id`) ON DELETE CASCADE
) ENGINE=InnoDB AUTO_INCREMENT=20 DEFAULT CHARSET=utf8mb4 COLLATE=utf8mb4_unicode_ci;
/*!40101 SET character_set_client = @saved_cs_client */;

--
-- Dumping data for table `menu_items`
--

LOCK TABLES `menu_items` WRITE;
/*!40000 ALTER TABLE `menu_items` DISABLE KEYS */;
INSERT INTO `menu_items` (`id`, `menu_id`, `title`, `url`, `target`, `icon_class`, `color`, `parent_id`, `order`, `created_at`, `updated_at`, `route`, `parameters`) VALUES (1,1,'Dashboard','','_self','voyager-boat',NULL,NULL,1,'2020-04-04 13:26:03','2020-04-04 13:26:03','voyager.dashboard',NULL),(2,1,'Media','','_self','voyager-images',NULL,NULL,9,'2020-04-04 13:26:03','2020-05-15 18:59:54','voyager.media.index',NULL),(3,1,'Users','','_self','voyager-person',NULL,NULL,8,'2020-04-04 13:26:03','2020-05-15 18:59:54','voyager.users.index',NULL),(4,1,'Roles','','_self','voyager-lock',NULL,NULL,10,'2020-04-04 13:26:03','2020-05-15 18:59:52','voyager.roles.index',NULL),(5,1,'Tools','','_self','voyager-tools',NULL,NULL,11,'2020-04-04 13:26:03','2020-04-21 09:24:19',NULL,NULL),(6,1,'Menu Builder','','_self','voyager-list',NULL,5,1,'2020-04-04 13:26:03','2020-04-13 11:02:44','voyager.menus.index',NULL),(7,1,'Database','','_self','voyager-data',NULL,5,2,'2020-04-04 13:26:03','2020-04-13 11:02:44','voyager.database.index',NULL),(8,1,'Compass','','_self','voyager-compass',NULL,5,3,'2020-04-04 13:26:03','2020-04-13 11:02:44','voyager.compass.index',NULL),(9,1,'BREAD','','_self','voyager-bread',NULL,5,4,'2020-04-04 13:26:03','2020-04-13 11:02:44','voyager.bread.index',NULL),(10,1,'Settings','','_self','voyager-settings',NULL,NULL,12,'2020-04-04 13:26:03','2020-04-21 09:24:19','voyager.settings.index',NULL),(11,1,'Categories','','_self','voyager-categories',NULL,NULL,6,'2020-04-04 13:26:04','2020-05-15 18:59:52','voyager.categories.index',NULL),(12,1,'Posts','','_self','voyager-news',NULL,NULL,3,'2020-04-04 13:26:04','2020-05-15 18:59:33','voyager.posts.index',NULL),(13,1,'Pages','','_self','voyager-file-text',NULL,NULL,7,'2020-04-04 13:26:04','2020-05-15 18:59:54','voyager.pages.index',NULL),(14,1,'Hooks','','_self','voyager-hook',NULL,5,5,'2020-04-04 13:26:05','2020-04-13 11:02:44','voyager.hooks',NULL),(16,1,'Taxis','','_self','voyager-truck',NULL,NULL,2,'2020-04-11 14:34:28','2020-04-13 11:02:48','voyager.taxis.index',NULL),(17,1,'Offers','','_self','voyager-megaphone',NULL,NULL,4,'2020-04-13 15:22:33','2020-05-15 18:59:33','voyager.offers.index',NULL),(18,1,'Clients','','_self','voyager-people',NULL,NULL,5,'2020-04-21 09:24:03','2020-05-15 18:59:33','voyager.clients.index',NULL),(19,1,'Translations','','_self',NULL,NULL,NULL,13,'2020-11-05 22:14:54','2020-11-05 22:14:54','voyager.translations.index',NULL);
/*!40000 ALTER TABLE `menu_items` ENABLE KEYS */;
UNLOCK TABLES;

--
-- Table structure for table `menus`
--

DROP TABLE IF EXISTS `menus`;
/*!40101 SET @saved_cs_client     = @@character_set_client */;
/*!40101 SET character_set_client = utf8 */;
CREATE TABLE `menus` (
  `id` int(10) unsigned NOT NULL AUTO_INCREMENT,
  `name` varchar(191) COLLATE utf8mb4_unicode_ci NOT NULL,
  `created_at` timestamp NULL DEFAULT NULL,
  `updated_at` timestamp NULL DEFAULT NULL,
  PRIMARY KEY (`id`),
  UNIQUE KEY `menus_name_unique` (`name`)
) ENGINE=InnoDB AUTO_INCREMENT=2 DEFAULT CHARSET=utf8mb4 COLLATE=utf8mb4_unicode_ci;
/*!40101 SET character_set_client = @saved_cs_client */;

--
-- Dumping data for table `menus`
--

LOCK TABLES `menus` WRITE;
/*!40000 ALTER TABLE `menus` DISABLE KEYS */;
INSERT INTO `menus` (`id`, `name`, `created_at`, `updated_at`) VALUES (1,'admin','2020-04-04 13:26:03','2020-04-04 13:26:03');
/*!40000 ALTER TABLE `menus` ENABLE KEYS */;
UNLOCK TABLES;

--
-- Table structure for table `migrations`
--

DROP TABLE IF EXISTS `migrations`;
/*!40101 SET @saved_cs_client     = @@character_set_client */;
/*!40101 SET character_set_client = utf8 */;
CREATE TABLE `migrations` (
  `id` int(10) unsigned NOT NULL AUTO_INCREMENT,
  `migration` varchar(191) COLLATE utf8mb4_unicode_ci NOT NULL,
  `batch` int(11) NOT NULL,
  PRIMARY KEY (`id`)
) ENGINE=InnoDB AUTO_INCREMENT=28 DEFAULT CHARSET=utf8mb4 COLLATE=utf8mb4_unicode_ci;
/*!40101 SET character_set_client = @saved_cs_client */;

--
-- Dumping data for table `migrations`
--

LOCK TABLES `migrations` WRITE;
/*!40000 ALTER TABLE `migrations` DISABLE KEYS */;
INSERT INTO `migrations` (`id`, `migration`, `batch`) VALUES (1,'2014_10_12_000000_create_users_table',1),(2,'2014_10_12_100000_create_password_resets_table',1),(3,'2016_01_01_000000_add_voyager_user_fields',1),(4,'2016_01_01_000000_create_data_types_table',1),(5,'2016_05_19_173453_create_menu_table',1),(6,'2016_10_21_190000_create_roles_table',1),(7,'2016_10_21_190000_create_settings_table',1),(8,'2016_11_30_135954_create_permission_table',1),(9,'2016_11_30_141208_create_permission_role_table',1),(10,'2016_12_26_201236_data_types__add__server_side',1),(11,'2017_01_13_000000_add_route_to_menu_items_table',1),(12,'2017_01_14_005015_create_translations_table',1),(13,'2017_01_15_000000_make_table_name_nullable_in_permissions_table',1),(14,'2017_03_06_000000_add_controller_to_data_types_table',1),(15,'2017_04_21_000000_add_order_to_data_rows_table',1),(16,'2017_07_05_210000_add_policyname_to_data_types_table',1),(17,'2017_08_05_000000_add_group_to_settings_table',1),(18,'2017_11_26_013050_add_user_role_relationship',1),(19,'2017_11_26_015000_create_user_roles_table',1),(20,'2018_03_11_000000_add_user_settings',1),(21,'2018_03_14_000000_add_details_to_data_types_table',1),(22,'2018_03_16_000000_make_settings_value_nullable',1),(23,'2019_08_19_000000_create_failed_jobs_table',1),(24,'2016_01_01_000000_create_pages_table',2),(25,'2016_01_01_000000_create_posts_table',2),(26,'2016_02_15_204651_create_categories_table',2),(27,'2017_04_11_000000_alter_post_nullable_fields_table',2);
/*!40000 ALTER TABLE `migrations` ENABLE KEYS */;
UNLOCK TABLES;

--
-- Table structure for table `offers`
--

DROP TABLE IF EXISTS `offers`;
/*!40101 SET @saved_cs_client     = @@character_set_client */;
/*!40101 SET character_set_client = utf8 */;
CREATE TABLE `offers` (
  `id` int(10) unsigned NOT NULL AUTO_INCREMENT,
  `title` varchar(255) COLLATE utf8mb4_unicode_ci DEFAULT NULL,
  `body` varchar(255) COLLATE utf8mb4_unicode_ci DEFAULT NULL,
  `image` varchar(255) COLLATE utf8mb4_unicode_ci DEFAULT NULL,
  `category` varchar(255) COLLATE utf8mb4_unicode_ci DEFAULT NULL,
  `created_at` timestamp NULL DEFAULT NULL,
  `updated_at` timestamp NULL DEFAULT NULL,
  PRIMARY KEY (`id`)
) ENGINE=InnoDB AUTO_INCREMENT=4 DEFAULT CHARSET=utf8mb4 COLLATE=utf8mb4_unicode_ci;
/*!40101 SET character_set_client = @saved_cs_client */;

--
-- Dumping data for table `offers`
--

LOCK TABLES `offers` WRITE;
/*!40000 ALTER TABLE `offers` DISABLE KEYS */;
INSERT INTO `offers` (`id`, `title`, `body`, `image`, `category`, `created_at`, `updated_at`) VALUES (1,'ანგარიშწორება ბარათის მეშვეობით','<p>FREE TAXI-სარგებლობისას შესაძლებლობა გაქვთ,<br />გადაიხადოთ მგზავრობის საფასური ბარათის მეშვეობით.</p>','offers\\April2020\\XXtfiurovX9ms2w9uSra.png',NULL,'2020-04-13 16:13:00','2020-04-13 16:22:24'),(2,'უფასო სერვისები მგზავრობისას','<p>ჩვენ გთავაზობთ უფასო სერვისებს მგზავრობისას<br />სრულიად უფასოდ</p>\r\n<ul>\r\n<li>Wi Fi</li>\r\n<li>წყალი</li>\r\n<li>სველი ხელსახოცი</li>\r\n</ul>','offers/May2020/dtu74nEeCtLdGa7dpYzj.jpg',NULL,'2020-05-27 13:10:00','2020-05-27 13:16:20'),(3,'უსაფრთხო მგზავრობა Covid-19 პერიოდში','<p>Fრიი TAXI-ის ავტომობილები ყოველდღიურად გადიან დეზინფექციას 🛡სპეციალური ხსნარით, მძღოლები გადიან სამედიცინო შემოწმებას! ✅ 👍🏻მომხმარებელთა ჯანმრთელობა და უსაფრთხოება ყველაზე მნიშვნელოვანია ჩვენთვის! !!&hearts;️🤗</p>','offers/June2020/wNtxBobnE9jnwE4JfHnC.jpg',NULL,'2020-06-29 05:34:01','2020-06-29 05:34:01');
/*!40000 ALTER TABLE `offers` ENABLE KEYS */;
UNLOCK TABLES;

--
-- Table structure for table `pages`
--

DROP TABLE IF EXISTS `pages`;
/*!40101 SET @saved_cs_client     = @@character_set_client */;
/*!40101 SET character_set_client = utf8 */;
CREATE TABLE `pages` (
  `id` int(10) unsigned NOT NULL AUTO_INCREMENT,
  `author_id` int(11) NOT NULL,
  `title` varchar(191) COLLATE utf8mb4_unicode_ci NOT NULL,
  `excerpt` text COLLATE utf8mb4_unicode_ci DEFAULT NULL,
  `body` text COLLATE utf8mb4_unicode_ci DEFAULT NULL,
  `image` varchar(191) COLLATE utf8mb4_unicode_ci DEFAULT NULL,
  `slug` varchar(191) COLLATE utf8mb4_unicode_ci NOT NULL,
  `meta_description` text COLLATE utf8mb4_unicode_ci DEFAULT NULL,
  `meta_keywords` text COLLATE utf8mb4_unicode_ci DEFAULT NULL,
  `status` enum('ACTIVE','INACTIVE') COLLATE utf8mb4_unicode_ci NOT NULL DEFAULT 'INACTIVE',
  `created_at` timestamp NULL DEFAULT NULL,
  `updated_at` timestamp NULL DEFAULT NULL,
  PRIMARY KEY (`id`),
  UNIQUE KEY `pages_slug_unique` (`slug`)
) ENGINE=InnoDB AUTO_INCREMENT=2 DEFAULT CHARSET=utf8mb4 COLLATE=utf8mb4_unicode_ci;
/*!40101 SET character_set_client = @saved_cs_client */;

--
-- Dumping data for table `pages`
--

LOCK TABLES `pages` WRITE;
/*!40000 ALTER TABLE `pages` DISABLE KEYS */;
/*!40000 ALTER TABLE `pages` ENABLE KEYS */;
UNLOCK TABLES;

--
-- Table structure for table `password_resets`
--

DROP TABLE IF EXISTS `password_resets`;
/*!40101 SET @saved_cs_client     = @@character_set_client */;
/*!40101 SET character_set_client = utf8 */;
CREATE TABLE `password_resets` (
  `email` varchar(191) COLLATE utf8mb4_unicode_ci NOT NULL,
  `token` varchar(191) COLLATE utf8mb4_unicode_ci NOT NULL,
  `created_at` timestamp NULL DEFAULT NULL,
  KEY `password_resets_email_index` (`email`)
) ENGINE=InnoDB DEFAULT CHARSET=utf8mb4 COLLATE=utf8mb4_unicode_ci;
/*!40101 SET character_set_client = @saved_cs_client */;

--
-- Dumping data for table `password_resets`
--

LOCK TABLES `password_resets` WRITE;
/*!40000 ALTER TABLE `password_resets` DISABLE KEYS */;
/*!40000 ALTER TABLE `password_resets` ENABLE KEYS */;
UNLOCK TABLES;

--
-- Table structure for table `permission_role`
--

DROP TABLE IF EXISTS `permission_role`;
/*!40101 SET @saved_cs_client     = @@character_set_client */;
/*!40101 SET character_set_client = utf8 */;
CREATE TABLE `permission_role` (
  `permission_id` bigint(20) unsigned NOT NULL,
  `role_id` bigint(20) unsigned NOT NULL,
  PRIMARY KEY (`permission_id`,`role_id`),
  KEY `permission_role_permission_id_index` (`permission_id`),
  KEY `permission_role_role_id_index` (`role_id`),
  CONSTRAINT `permission_role_permission_id_foreign` FOREIGN KEY (`permission_id`) REFERENCES `permissions` (`id`) ON DELETE CASCADE,
  CONSTRAINT `permission_role_role_id_foreign` FOREIGN KEY (`role_id`) REFERENCES `roles` (`id`) ON DELETE CASCADE
) ENGINE=InnoDB DEFAULT CHARSET=utf8mb4 COLLATE=utf8mb4_unicode_ci;
/*!40101 SET character_set_client = @saved_cs_client */;

--
-- Dumping data for table `permission_role`
--

LOCK TABLES `permission_role` WRITE;
/*!40000 ALTER TABLE `permission_role` DISABLE KEYS */;
INSERT INTO `permission_role` (`permission_id`, `role_id`) VALUES (1,1),(2,1),(3,1),(4,1),(5,1),(6,1),(7,1),(8,1),(9,1),(10,1),(11,1),(12,1),(13,1),(14,1),(15,1),(16,1),(17,1),(18,1),(19,1),(20,1),(21,1),(22,1),(23,1),(24,1),(25,1),(26,1),(27,1),(28,1),(29,1),(30,1),(31,1),(32,1),(33,1),(34,1),(35,1),(36,1),(37,1),(38,1),(39,1),(40,1),(47,1),(48,1),(49,1),(50,1),(51,1),(52,1),(53,1),(54,1),(55,1),(56,1),(57,1),(58,1),(59,1),(60,1),(61,1),(62,1),(63,1),(64,1),(65,1),(66,1);
/*!40000 ALTER TABLE `permission_role` ENABLE KEYS */;
UNLOCK TABLES;

--
-- Table structure for table `permissions`
--

DROP TABLE IF EXISTS `permissions`;
/*!40101 SET @saved_cs_client     = @@character_set_client */;
/*!40101 SET character_set_client = utf8 */;
CREATE TABLE `permissions` (
  `id` bigint(20) unsigned NOT NULL AUTO_INCREMENT,
  `key` varchar(191) COLLATE utf8mb4_unicode_ci NOT NULL,
  `table_name` varchar(191) COLLATE utf8mb4_unicode_ci DEFAULT NULL,
  `created_at` timestamp NULL DEFAULT NULL,
  `updated_at` timestamp NULL DEFAULT NULL,
  PRIMARY KEY (`id`),
  KEY `permissions_key_index` (`key`)
) ENGINE=InnoDB AUTO_INCREMENT=67 DEFAULT CHARSET=utf8mb4 COLLATE=utf8mb4_unicode_ci;
/*!40101 SET character_set_client = @saved_cs_client */;

--
-- Dumping data for table `permissions`
--

LOCK TABLES `permissions` WRITE;
/*!40000 ALTER TABLE `permissions` DISABLE KEYS */;
INSERT INTO `permissions` (`id`, `key`, `table_name`, `created_at`, `updated_at`) VALUES (1,'browse_admin',NULL,'2020-04-04 13:26:03','2020-04-04 13:26:03'),(2,'browse_bread',NULL,'2020-04-04 13:26:03','2020-04-04 13:26:03'),(3,'browse_database',NULL,'2020-04-04 13:26:03','2020-04-04 13:26:03'),(4,'browse_media',NULL,'2020-04-04 13:26:03','2020-04-04 13:26:03'),(5,'browse_compass',NULL,'2020-04-04 13:26:03','2020-04-04 13:26:03'),(6,'browse_menus','menus','2020-04-04 13:26:03','2020-04-04 13:26:03'),(7,'read_menus','menus','2020-04-04 13:26:03','2020-04-04 13:26:03'),(8,'edit_menus','menus','2020-04-04 13:26:03','2020-04-04 13:26:03'),(9,'add_menus','menus','2020-04-04 13:26:03','2020-04-04 13:26:03'),(10,'delete_menus','menus','2020-04-04 13:26:03','2020-04-04 13:26:03'),(11,'browse_roles','roles','2020-04-04 13:26:03','2020-04-04 13:26:03'),(12,'read_roles','roles','2020-04-04 13:26:03','2020-04-04 13:26:03'),(13,'edit_roles','roles','2020-04-04 13:26:03','2020-04-04 13:26:03'),(14,'add_roles','roles','2020-04-04 13:26:03','2020-04-04 13:26:03'),(15,'delete_roles','roles','2020-04-04 13:26:03','2020-04-04 13:26:03'),(16,'browse_users','users','2020-04-04 13:26:03','2020-04-04 13:26:03'),(17,'read_users','users','2020-04-04 13:26:03','2020-04-04 13:26:03'),(18,'edit_users','users','2020-04-04 13:26:03','2020-04-04 13:26:03'),(19,'add_users','users','2020-04-04 13:26:03','2020-04-04 13:26:03'),(20,'delete_users','users','2020-04-04 13:26:03','2020-04-04 13:26:03'),(21,'browse_settings','settings','2020-04-04 13:26:03','2020-04-04 13:26:03'),(22,'read_settings','settings','2020-04-04 13:26:03','2020-04-04 13:26:03'),(23,'edit_settings','settings','2020-04-04 13:26:03','2020-04-04 13:26:03'),(24,'add_settings','settings','2020-04-04 13:26:03','2020-04-04 13:26:03'),(25,'delete_settings','settings','2020-04-04 13:26:03','2020-04-04 13:26:03'),(26,'browse_categories','categories','2020-04-04 13:26:04','2020-04-04 13:26:04'),(27,'read_categories','categories','2020-04-04 13:26:04','2020-04-04 13:26:04'),(28,'edit_categories','categories','2020-04-04 13:26:04','2020-04-04 13:26:04'),(29,'add_categories','categories','2020-04-04 13:26:04','2020-04-04 13:26:04'),(30,'delete_categories','categories','2020-04-04 13:26:04','2020-04-04 13:26:04'),(31,'browse_posts','posts','2020-04-04 13:26:04','2020-04-04 13:26:04'),(32,'read_posts','posts','2020-04-04 13:26:04','2020-04-04 13:26:04'),(33,'edit_posts','posts','2020-04-04 13:26:04','2020-04-04 13:26:04'),(34,'add_posts','posts','2020-04-04 13:26:04','2020-04-04 13:26:04'),(35,'delete_posts','posts','2020-04-04 13:26:04','2020-04-04 13:26:04'),(36,'browse_pages','pages','2020-04-04 13:26:04','2020-04-04 13:26:04'),(37,'read_pages','pages','2020-04-04 13:26:04','2020-04-04 13:26:04'),(38,'edit_pages','pages','2020-04-04 13:26:04','2020-04-04 13:26:04'),(39,'add_pages','pages','2020-04-04 13:26:04','2020-04-04 13:26:04'),(40,'delete_pages','pages','2020-04-04 13:26:04','2020-04-04 13:26:04'),(41,'browse_hooks',NULL,'2020-04-04 13:26:05','2020-04-04 13:26:05'),(47,'browse_taxis','taxis','2020-04-11 14:34:28','2020-04-11 14:34:28'),(48,'read_taxis','taxis','2020-04-11 14:34:28','2020-04-11 14:34:28'),(49,'edit_taxis','taxis','2020-04-11 14:34:28','2020-04-11 14:34:28'),(50,'add_taxis','taxis','2020-04-11 14:34:28','2020-04-11 14:34:28'),(51,'delete_taxis','taxis','2020-04-11 14:34:28','2020-04-11 14:34:28'),(52,'browse_offers','offers','2020-04-13 15:22:33','2020-04-13 15:22:33'),(53,'read_offers','offers','2020-04-13 15:22:33','2020-04-13 15:22:33'),(54,'edit_offers','offers','2020-04-13 15:22:33','2020-04-13 15:22:33'),(55,'add_offers','offers','2020-04-13 15:22:33','2020-04-13 15:22:33'),(56,'delete_offers','offers','2020-04-13 15:22:33','2020-04-13 15:22:33'),(57,'browse_clients','clients','2020-04-21 09:24:03','2020-04-21 09:24:03'),(58,'read_clients','clients','2020-04-21 09:24:03','2020-04-21 09:24:03'),(59,'edit_clients','clients','2020-04-21 09:24:03','2020-04-21 09:24:03'),(60,'add_clients','clients','2020-04-21 09:24:03','2020-04-21 09:24:03'),(61,'delete_clients','clients','2020-04-21 09:24:03','2020-04-21 09:24:03'),(62,'browse_translations','translations','2020-11-05 22:14:54','2020-11-05 22:14:54'),(63,'read_translations','translations','2020-11-05 22:14:54','2020-11-05 22:14:54'),(64,'edit_translations','translations','2020-11-05 22:14:54','2020-11-05 22:14:54'),(65,'add_translations','translations','2020-11-05 22:14:54','2020-11-05 22:14:54'),(66,'delete_translations','translations','2020-11-05 22:14:54','2020-11-05 22:14:54');
/*!40000 ALTER TABLE `permissions` ENABLE KEYS */;
UNLOCK TABLES;

--
-- Table structure for table `posts`
--

DROP TABLE IF EXISTS `posts`;
/*!40101 SET @saved_cs_client     = @@character_set_client */;
/*!40101 SET character_set_client = utf8 */;
CREATE TABLE `posts` (
  `id` int(10) unsigned NOT NULL AUTO_INCREMENT,
  `author_id` varchar(255) COLLATE utf8mb4_unicode_ci DEFAULT NULL,
  `category_id` int(11) DEFAULT NULL,
  `title` varchar(191) COLLATE utf8mb4_unicode_ci NOT NULL,
  `seo_title` varchar(191) COLLATE utf8mb4_unicode_ci DEFAULT NULL,
  `excerpt` text COLLATE utf8mb4_unicode_ci DEFAULT NULL,
  `body` text COLLATE utf8mb4_unicode_ci NOT NULL,
  `image` varchar(191) COLLATE utf8mb4_unicode_ci DEFAULT NULL,
  `slug` varchar(191) COLLATE utf8mb4_unicode_ci NOT NULL,
  `meta_description` text COLLATE utf8mb4_unicode_ci DEFAULT NULL,
  `meta_keywords` text COLLATE utf8mb4_unicode_ci DEFAULT NULL,
  `status` enum('PUBLISHED','DRAFT','PENDING') COLLATE utf8mb4_unicode_ci DEFAULT NULL,
  `featured` tinyint(1) NOT NULL DEFAULT 0,
  `created_at` timestamp NULL DEFAULT NULL,
  `updated_at` timestamp NULL DEFAULT NULL,
  PRIMARY KEY (`id`),
  UNIQUE KEY `posts_slug_unique` (`slug`)
) ENGINE=InnoDB AUTO_INCREMENT=19 DEFAULT CHARSET=utf8mb4 COLLATE=utf8mb4_unicode_ci;
/*!40101 SET character_set_client = @saved_cs_client */;

--
-- Dumping data for table `posts`
--

LOCK TABLES `posts` WRITE;
/*!40000 ALTER TABLE `posts` DISABLE KEYS */;
INSERT INTO `posts` (`id`, `author_id`, `category_id`, `title`, `seo_title`, `excerpt`, `body`, `image`, `slug`, `meta_description`, `meta_keywords`, `status`, `featured`, `created_at`, `updated_at`) VALUES (5,'Davit Gakhokia',1,'Fრეე Taxi','fsfs','twstt','<div class=\"col-mod-6\">\r\n<h3>ელ-ფოსტა: info@freetaxi.ge</h3>\r\n<h3><a href=\"tel:+995 577 417 415\">ტელ: (+995) 577 417-517</a></h3>\r\n</div>','posts\\April2020\\AWahiND8Yg67W1aUja4j.png','f-taxi','fs','fsf','PUBLISHED',0,'2020-04-05 08:14:20','2020-05-15 19:00:52'),(6,'Davit Gakhokia',1,'ქალაქში ახლი ტაქსის კომანიაა','Taxi, ტაქსი','Free Taxi • ფრი ტაქსი','<p style=\"text-align: center;\"><strong>Free Taxi </strong><strong>&bull; ფრი ტაქსი</strong></p>\r\n<p>ბათუმის ქუჩებში სულ მალე ახალი ტაქსის კომპანია დაიწყებს ფუნქციონირებას,<br />რომელიც აღჭურვილია თანამედროვე ტექნოლოგიებით.<br />მომსახურების გამარტივების მიზნით მომხმარებელს შესაძლებლობა ექნება აპლიკაციისა და ვებ გვერდის დახმარებით დაჯავშნონ სასურველი მარშუტი , სასურველ დროსა და ადგილზე, კომპანიი ტაქსის სერვისი კი ტაქსი მათ მოემსახურება .</p>','posts\\April2020\\RCaNFjT1YMUSsfqmKr94.png','new_taxi','Taxi, ტაქსი','Taxi, ტაქსი','PUBLISHED',0,'2020-04-12 09:06:31','2020-05-15 19:00:44'),(7,'Davit Gakhokia',1,'იმგზავროთ ქალაქში ახალი ტაქსით 🚖','ქალაქში ახალი ტაქსი','ქალაქში ახალი ტაქსი','<p style=\"margin: 0px 0px 6px; font-family: Helvetica, Arial, sans-serif; color: #1c1e21;\">დაასვენე ფეხსაცმელი&nbsp;<span class=\"_5mfr\" style=\"margin: 0px 1px; font-family: inherit;\"><span class=\"_6qdm\" style=\"background-repeat: no-repeat; background-size: contain; color: transparent; display: inline-block; text-shadow: none; vertical-align: text-bottom; font-family: inherit; height: 16px; width: 16px; font-size: 16px; background-image: url(\'https://static.xx.fbcdn.net/images/emoji.php/v9/t9d/1/16/1f45f.png\');\">👟</span></span><span class=\"_5mfr\" style=\"margin: 0px 1px; font-family: inherit;\"><span class=\"_6qdm\" style=\"background-repeat: no-repeat; background-size: contain; color: transparent; display: inline-block; text-shadow: none; vertical-align: text-bottom; font-family: inherit; height: 16px; width: 16px; font-size: 16px; background-image: url(\'https://static.xx.fbcdn.net/images/emoji.php/v9/t87/1/16/1f461.png\');\">👡</span></span><br />უკვე დღეიდან შეგიძლიათ იმგზავროთ ქალაქში ახალი ტაქსით&nbsp;<span class=\"_5mfr\" style=\"margin: 0px 1px; font-family: inherit;\"><span class=\"_6qdm\" style=\"background-repeat: no-repeat; background-size: contain; color: transparent; display: inline-block; text-shadow: none; vertical-align: text-bottom; font-family: inherit; height: 16px; width: 16px; font-size: 16px; background-image: url(\'https://static.xx.fbcdn.net/images/emoji.php/v9/t6b/1/16/1f696.png\');\">🚖</span></span><br />FრიიTaxi - უკვე თქვენს განკარგულებაშია.&nbsp;<span class=\"_5mfr\" style=\"margin: 0px 1px; font-family: inherit;\"><span class=\"_6qdm\" style=\"background-repeat: no-repeat; background-size: contain; color: transparent; display: inline-block; text-shadow: none; vertical-align: text-bottom; font-family: inherit; height: 16px; width: 16px; font-size: 16px; background-image: url(\'https://static.xx.fbcdn.net/images/emoji.php/v9/t57/1/16/1f4f1.png\');\">📱</span></span><span class=\"_5mfr\" style=\"margin: 0px 1px; font-family: inherit;\"><span class=\"_6qdm\" style=\"background-repeat: no-repeat; background-size: contain; color: transparent; display: inline-block; text-shadow: none; vertical-align: text-bottom; font-family: inherit; height: 16px; width: 16px; font-size: 16px; background-image: url(\'https://static.xx.fbcdn.net/images/emoji.php/v9/t6f/1/16/1f579.png\');\">🕹</span></span><br /><a class=\"_58cn\" style=\"color: #385898; cursor: pointer; text-decoration-line: none; font-family: inherit;\" href=\"https://www.facebook.com/hashtag/%E1%83%A5%E1%83%90%E1%83%9A%E1%83%90%E1%83%A5%E1%83%A8%E1%83%98_%E1%83%90%E1%83%AE%E1%83%90%E1%83%9A%E1%83%98_%E1%83%A2%E1%83%90%E1%83%A5%E1%83%A1%E1%83%98%E1%83%90?source=feed_text&amp;epa=HASHTAG&amp;__xts__%5B0%5D=68.ARAHvqNLoiYGZFREoGCvBgeElQIQQ3pOzZxtG64RpHZsGqxBIKr0OP0dNIcPHVNUXlOGsJUeTZd_7CSCSxtXRWFu-8jh-NygE_tY2JlZS43jvlz-hCBvh5osoOrZfnPB3h51GPPzEr2vFlsoUl27yNuHie68T46YgMR4c7090bXgclSzkXGUeswRGSF63vuSQvYNoI2rJwBISoQIJ8e6ynwgJhXNjXl8Br_T0BEa2N7vF4hf1GoJr9GYGHE6UxcuWFwbP9GeWrc7j4tmT2feq4QP-Zac4Oniq2DijipToL-sgD69iQ6rjNzq28xlaCP6ImN7pcvg-XaozrpDODIuFiY&amp;__tn__=%2ANK-R\" data-ft=\"{&quot;type&quot;:104,&quot;tn&quot;:&quot;*N&quot;}\"><span class=\"_5afx\" style=\"direction: ltr; unicode-bidi: isolate; font-family: inherit;\"><span class=\"_58cl _5afz\" style=\"unicode-bidi: isolate; color: #365899; font-family: inherit;\" aria-label=\"hashtag\">#</span><span class=\"_58cm\" style=\"font-family: inherit;\">ქალაქში_ახალი_ტაქსია</span></span></a>&nbsp;<span class=\"_5mfr\" style=\"margin: 0px 1px; font-family: inherit;\"><span class=\"_6qdm\" style=\"background-repeat: no-repeat; background-size: contain; color: transparent; display: inline-block; text-shadow: none; vertical-align: text-bottom; font-family: inherit; height: 16px; width: 16px; font-size: 16px; background-image: url(\'https://static.xx.fbcdn.net/images/emoji.php/v9/tc0/1/16/1f1ec_1f1ea.png\');\">🇬🇪</span></span><span class=\"_5mfr\" style=\"margin: 0px 1px; font-family: inherit;\"><span class=\"_6qdm\" style=\"background-repeat: no-repeat; background-size: contain; color: transparent; display: inline-block; text-shadow: none; vertical-align: text-bottom; font-family: inherit; height: 16px; width: 16px; font-size: 16px; background-image: url(\'https://static.xx.fbcdn.net/images/emoji.php/v9/t6b/1/16/1f696.png\');\">🚖</span></span><br /><a class=\"_58cn\" style=\"color: #385898; cursor: pointer; text-decoration-line: none; font-family: inherit;\" href=\"https://www.facebook.com/hashtag/f%E1%83%A0%E1%83%98%E1%83%98taxi?source=feed_text&amp;epa=HASHTAG&amp;__xts__%5B0%5D=68.ARAHvqNLoiYGZFREoGCvBgeElQIQQ3pOzZxtG64RpHZsGqxBIKr0OP0dNIcPHVNUXlOGsJUeTZd_7CSCSxtXRWFu-8jh-NygE_tY2JlZS43jvlz-hCBvh5osoOrZfnPB3h51GPPzEr2vFlsoUl27yNuHie68T46YgMR4c7090bXgclSzkXGUeswRGSF63vuSQvYNoI2rJwBISoQIJ8e6ynwgJhXNjXl8Br_T0BEa2N7vF4hf1GoJr9GYGHE6UxcuWFwbP9GeWrc7j4tmT2feq4QP-Zac4Oniq2DijipToL-sgD69iQ6rjNzq28xlaCP6ImN7pcvg-XaozrpDODIuFiY&amp;__tn__=%2ANK-R\" data-ft=\"{&quot;type&quot;:104,&quot;tn&quot;:&quot;*N&quot;}\"><span class=\"_5afx\" style=\"direction: ltr; unicode-bidi: isolate; font-family: inherit;\"><span class=\"_58cl _5afz\" style=\"unicode-bidi: isolate; color: #365899; font-family: inherit;\" aria-label=\"hashtag\">#</span><span class=\"_58cm\" style=\"font-family: inherit;\">FრიიTaxi</span></span></a></p>\r\n<div class=\"text_exposed_show\" style=\"display: inline; font-family: Helvetica, Arial, sans-serif; color: #1c1e21;\">\r\n<p style=\"margin: 0px 0px 6px; font-family: inherit;\"><span class=\"_5mfr\" style=\"margin: 0px 1px; font-family: inherit;\"><span class=\"_6qdm\" style=\"background-repeat: no-repeat; background-size: contain; color: transparent; display: inline-block; text-shadow: none; vertical-align: text-bottom; font-family: inherit; height: 16px; width: 16px; font-size: 16px; background-image: url(\'https://static.xx.fbcdn.net/images/emoji.php/v9/t4d/1/16/1f4de.png\');\">📞</span></span>&nbsp;* 40 40<br /><span class=\"_5mfr\" style=\"margin: 0px 1px; font-family: inherit;\"><span class=\"_6qdm\" style=\"background-repeat: no-repeat; background-size: contain; color: transparent; display: inline-block; text-shadow: none; vertical-align: text-bottom; font-family: inherit; height: 16px; width: 16px; font-size: 16px; background-image: url(\'https://static.xx.fbcdn.net/images/emoji.php/v9/t37/1/16/2709.png\');\">✉️</span></span>&nbsp;info@freetaxi.ge<br /><span class=\"_5mfr\" style=\"margin: 0px 1px; font-family: inherit;\"><span class=\"_6qdm\" style=\"background-repeat: no-repeat; background-size: contain; color: transparent; display: inline-block; text-shadow: none; vertical-align: text-bottom; font-family: inherit; height: 16px; width: 16px; font-size: 16px; background-image: url(\'https://static.xx.fbcdn.net/images/emoji.php/v9/tac/1/16/1f4cc.png\');\">📌</span></span>&nbsp;საქართველო , ბათუმი<br /><span class=\"_5mfr\" style=\"margin: 0px 1px; font-family: inherit;\"><span class=\"_6qdm\" style=\"background-repeat: no-repeat; background-size: contain; color: transparent; display: inline-block; text-shadow: none; vertical-align: text-bottom; font-family: inherit; height: 16px; width: 16px; font-size: 16px; background-image: url(\'https://static.xx.fbcdn.net/images/emoji.php/v9/taa/1/16/1f310.png\');\">🌐</span></span>&nbsp;<a style=\"color: #385898; cursor: pointer; text-decoration-line: none; font-family: inherit;\" href=\"https://l.facebook.com/l.php?u=http%3A%2F%2Fwww.freetaxi.ge%2F%3Ffbclid%3DIwAR2oyI-8yLFNk93jmJfmlCh5dd_EdMhUQ9O-Zd4A41_fnB2Sr0nyFRiGLwk&amp;h=AT00C3jZZVEiY7PYe4xpHCDJlG32tgdF0mk1TG5fUoNLw9aDjbuTZOHqe7ZzbbLoYQQgyqHtrAHaNogtXVP4qYEi-mz_MpIR-rMwzfzA7RJhRopZeQWs7gJCNcYLOhV-LUFnTG-W7Datp1arWulbD8WnFtU5uOfrcP1q4hOi4npYxxl4JOOhA7tIRrxxbg5I3d6cwyg6rj5faUmaw2DT7ilivWnwkva00KEphOdIbCGMuEX-j75MtIL52ZuVJezj9plKTknd43UdB03NgxiJ0qAAu4xtQKveSFYrtPzWs8hCoTUereBltF5Ai1m-IoJzhNDJqbopL3U3_hPH1DtjW6V58PYm2ToTHIXhNDUcGqPePVGRFs3jiJ5Y2AnbX56tqVxfyJJ_CiTnD3wfljJrPez-ayYM5Rx5SClNtGnPAiH2rxoq-sRsr8F5F1bBh-_3jtIGjQz4rzuDAv0ElmREgsXbXhwEK_R1hLDIGGBggCxNALNvOMOTj40xKGWyr9SIwcngzG70GfSWK2zAP6ZHt4HaLz8zUFbLUj7s2MGVnJh_-dHF4DNvPlwWqcV4pnq3N8FHdM7PUb_P2In_MoYWPpeauiY0udgRpwv3QuZJocHmWD_vcQF7_OyarfA5rKk\" target=\"_blank\" rel=\"noopener nofollow\" data-ft=\"{&quot;tn&quot;:&quot;-U&quot;}\" data-lynx-mode=\"async\">www.freetaxi.ge</a></p>\r\n</div>','posts/May2020/NvNDgKFOTbGIcRRsJ9Fr.jpg','ქალაქში_ახალი_ტაქსი','ქალაქში ახალი ტაქსი','ქალაქში ახალი ტაქსი','PUBLISHED',0,'2020-05-08 19:01:21','2020-05-15 19:00:37'),(8,'Davit Gakhokia',1,'🚖 ტაქსის გამოძახების სერვისი ბათუმში','🚖 ტაქსის გამოძახების სერვისი ბათუმში','🚖 ტაქსის გამოძახების სერვისი ბათუმში','<p style=\"margin: 0px 0px 6px; font-family: Helvetica, Arial, sans-serif; color: #1c1e21;\"><span class=\"_5mfr\" style=\"margin: 0px 1px; font-family: inherit;\"><span class=\"_6qdm\" style=\"background-repeat: no-repeat; background-size: contain; color: transparent; display: inline-block; text-shadow: none; vertical-align: text-bottom; font-family: inherit; height: 16px; width: 16px; font-size: 16px; background-image: url(\'https://static.xx.fbcdn.net/images/emoji.php/v9/t15/1/16/1f49b.png\');\">💛</span></span>&nbsp;<span class=\"_5mfr\" style=\"margin: 0px 1px; font-family: inherit;\"><span class=\"_6qdm\" style=\"background-repeat: no-repeat; background-size: contain; color: transparent; display: inline-block; text-shadow: none; vertical-align: text-bottom; font-family: inherit; height: 16px; width: 16px; font-size: 16px; background-image: url(\'https://static.xx.fbcdn.net/images/emoji.php/v9/t6b/1/16/1f696.png\');\">🚖</span></span>&nbsp;ტაქსის გამოძახების სერვისი ბათუმში FრიიTAXI<br /><span class=\"_5mfr\" style=\"margin: 0px 1px; font-family: inherit;\"><span class=\"_6qdm\" style=\"background-repeat: no-repeat; background-size: contain; color: transparent; display: inline-block; text-shadow: none; vertical-align: text-bottom; font-family: inherit; height: 16px; width: 16px; font-size: 16px; background-image: url(\'https://static.xx.fbcdn.net/images/emoji.php/v9/t57/1/16/1f4f1.png\');\">📱</span></span>დარეკე ნომერზე *4040 და გამოიძახე ტაქსი საუკეთესო სერვისით ქალაქში&nbsp;<span class=\"_5mfr\" style=\"margin: 0px 1px; font-family: inherit;\"><span class=\"_6qdm\" style=\"background-repeat: no-repeat; background-size: contain; color: transparent; display: inline-block; text-shadow: none; vertical-align: text-bottom; font-family: inherit; height: 16px; width: 16px; font-size: 16px; background-image: url(\'https://static.xx.fbcdn.net/images/emoji.php/v9/t15/1/16/1f49b.png\');\">💛</span></span><span class=\"_5mfr\" style=\"margin: 0px 1px; font-family: inherit;\"><span class=\"_6qdm\" style=\"background-repeat: no-repeat; background-size: contain; color: transparent; display: inline-block; text-shadow: none; vertical-align: text-bottom; font-family: inherit; height: 16px; width: 16px; font-size: 16px; background-image: url(\'https://static.xx.fbcdn.net/images/emoji.php/v9/t33/1/16/2705.png\');\">✅</span></span><span class=\"_5mfr\" style=\"margin: 0px 1px; font-family: inherit;\"><span class=\"_6qdm\" style=\"background-repeat: no-repeat; background-size: contain; color: transparent; display: inline-block; text-shadow: none; vertical-align: text-bottom; font-family: inherit; height: 16px; width: 16px; font-size: 16px; background-image: url(\'https://static.xx.fbcdn.net/images/emoji.php/v9/t6b/1/16/1f696.png\');\">🚖</span></span></p>\r\n<p style=\"margin: 6px 0px; font-family: Helvetica, Arial, sans-serif; color: #1c1e21;\">საუკეთესო სერვისი ?&nbsp;<span class=\"_5mfr\" style=\"margin: 0px 1px; font-family: inherit;\"><span class=\"_6qdm\" style=\"background-repeat: no-repeat; background-size: contain; color: transparent; display: inline-block; text-shadow: none; vertical-align: text-bottom; font-family: inherit; height: 16px; width: 16px; font-size: 16px; background-image: url(\'https://static.xx.fbcdn.net/images/emoji.php/v9/tdd/1/16/1f9d0.png\');\">🧐</span></span><span class=\"_5mfr\" style=\"margin: 0px 1px; font-family: inherit;\"><span class=\"_6qdm\" style=\"background-repeat: no-repeat; background-size: contain; color: transparent; display: inline-block; text-shadow: none; vertical-align: text-bottom; font-family: inherit; height: 16px; width: 16px; font-size: 16px; background-image: url(\'https://static.xx.fbcdn.net/images/emoji.php/v9/t34/1/16/1f914.png\');\">🤔</span></span></p>\r\n<div class=\"text_exposed_show\" style=\"display: inline; font-family: Helvetica, Arial, sans-serif; color: #1c1e21;\">\r\n<p style=\"margin: 0px 0px 6px; font-family: inherit;\">&bull; Wi Fi&nbsp;<span class=\"_5mfr\" style=\"margin: 0px 1px; font-family: inherit;\"><span class=\"_6qdm\" style=\"background-repeat: no-repeat; background-size: contain; color: transparent; display: inline-block; text-shadow: none; vertical-align: text-bottom; font-family: inherit; height: 16px; width: 16px; font-size: 16px; background-image: url(\'https://static.xx.fbcdn.net/images/emoji.php/v9/t33/1/16/2705.png\');\">✅</span></span><br />&bull; წყალი&nbsp;<span class=\"_5mfr\" style=\"margin: 0px 1px; font-family: inherit;\"><span class=\"_6qdm\" style=\"background-repeat: no-repeat; background-size: contain; color: transparent; display: inline-block; text-shadow: none; vertical-align: text-bottom; font-family: inherit; height: 16px; width: 16px; font-size: 16px; background-image: url(\'https://static.xx.fbcdn.net/images/emoji.php/v9/t33/1/16/2705.png\');\">✅</span></span><br />&bull; სველი ხელსახოცი&nbsp;<span class=\"_5mfr\" style=\"margin: 0px 1px; font-family: inherit;\"><span class=\"_6qdm\" style=\"background-repeat: no-repeat; background-size: contain; color: transparent; display: inline-block; text-shadow: none; vertical-align: text-bottom; font-family: inherit; height: 16px; width: 16px; font-size: 16px; background-image: url(\'https://static.xx.fbcdn.net/images/emoji.php/v9/t33/1/16/2705.png\');\">✅</span></span><br />&bull; კომფორტული მგზავრობა&nbsp;<span class=\"_5mfr\" style=\"margin: 0px 1px; font-family: inherit;\"><span class=\"_6qdm\" style=\"background-repeat: no-repeat; background-size: contain; color: transparent; display: inline-block; text-shadow: none; vertical-align: text-bottom; font-family: inherit; height: 16px; width: 16px; font-size: 16px; background-image: url(\'https://static.xx.fbcdn.net/images/emoji.php/v9/t33/1/16/2705.png\');\">✅</span></span></p>\r\n<p style=\"margin: 6px 0px; font-family: inherit;\"><a class=\"_58cn\" style=\"color: #385898; cursor: pointer; text-decoration-line: none; font-family: inherit;\" href=\"https://www.facebook.com/hashtag/%E1%83%A5%E1%83%90%E1%83%9A%E1%83%90%E1%83%A5%E1%83%A8%E1%83%98_%E1%83%90%E1%83%AE%E1%83%90%E1%83%9A%E1%83%98_%E1%83%A2%E1%83%90%E1%83%A5%E1%83%A1%E1%83%98%E1%83%90?source=feed_text&amp;epa=HASHTAG&amp;__xts__%5B0%5D=68.ARA1bR0MAaSn6E3VlgQYrg1sSr1WVz6JWYhdcx3pB5cxmTEs44vNVhTyFDtzBcqTavGBQu8gBnxjppe3Ll8fFH9stHt8hQDHAQe7fYLcOyhgy0pE_kA5NdW6EYRlq8VTVHOQyTg7Sc9xFwZc0djBqsnX5xfDvhqG3ja9g0ik-tdFEbbR7wXPXPIX0CEte-GvxoEJEv4y6s1z-ACsXkSfCkBCi73fd8c1Pj0CBc_n3rBNR91hW6TCe_eXqksf9c1vhizZKbpid3ttFhMQLuOPL_klfQDcxGr2npnzcfK_9agQW4L3l5x8P5HHDo5MHIRhUMPVt9EWye8P42PXi_gcfzU&amp;__tn__=%2ANK-R\" data-ft=\"{&quot;type&quot;:104,&quot;tn&quot;:&quot;*N&quot;}\"><span class=\"_5afx\" style=\"direction: ltr; unicode-bidi: isolate; font-family: inherit;\"><span class=\"_58cl _5afz\" style=\"unicode-bidi: isolate; color: #365899; font-family: inherit;\" aria-label=\"hashtag\">#</span><span class=\"_58cm\" style=\"font-family: inherit;\">ქალაქში_ახალი_ტაქსია</span></span></a>&nbsp;<span class=\"_5mfr\" style=\"margin: 0px 1px; font-family: inherit;\"><span class=\"_6qdm\" style=\"background-repeat: no-repeat; background-size: contain; color: transparent; display: inline-block; text-shadow: none; vertical-align: text-bottom; font-family: inherit; height: 16px; width: 16px; font-size: 16px; background-image: url(\'https://static.xx.fbcdn.net/images/emoji.php/v9/tc0/1/16/1f1ec_1f1ea.png\');\">🇬🇪</span></span><span class=\"_5mfr\" style=\"margin: 0px 1px; font-family: inherit;\"><span class=\"_6qdm\" style=\"background-repeat: no-repeat; background-size: contain; color: transparent; display: inline-block; text-shadow: none; vertical-align: text-bottom; font-family: inherit; height: 16px; width: 16px; font-size: 16px; background-image: url(\'https://static.xx.fbcdn.net/images/emoji.php/v9/t6b/1/16/1f696.png\');\">🚖</span></span><br /><a class=\"_58cn\" style=\"color: #385898; cursor: pointer; text-decoration-line: none; font-family: inherit;\" href=\"https://www.facebook.com/hashtag/f%E1%83%A0%E1%83%98%E1%83%98taxi?source=feed_text&amp;epa=HASHTAG&amp;__xts__%5B0%5D=68.ARA1bR0MAaSn6E3VlgQYrg1sSr1WVz6JWYhdcx3pB5cxmTEs44vNVhTyFDtzBcqTavGBQu8gBnxjppe3Ll8fFH9stHt8hQDHAQe7fYLcOyhgy0pE_kA5NdW6EYRlq8VTVHOQyTg7Sc9xFwZc0djBqsnX5xfDvhqG3ja9g0ik-tdFEbbR7wXPXPIX0CEte-GvxoEJEv4y6s1z-ACsXkSfCkBCi73fd8c1Pj0CBc_n3rBNR91hW6TCe_eXqksf9c1vhizZKbpid3ttFhMQLuOPL_klfQDcxGr2npnzcfK_9agQW4L3l5x8P5HHDo5MHIRhUMPVt9EWye8P42PXi_gcfzU&amp;__tn__=%2ANK-R\" data-ft=\"{&quot;type&quot;:104,&quot;tn&quot;:&quot;*N&quot;}\"><span class=\"_5afx\" style=\"direction: ltr; unicode-bidi: isolate; font-family: inherit;\"><span class=\"_58cl _5afz\" style=\"unicode-bidi: isolate; color: #365899; font-family: inherit;\" aria-label=\"hashtag\">#</span><span class=\"_58cm\" style=\"font-family: inherit;\">FრიიTaxi</span></span></a><br /><span class=\"_5mfr\" style=\"margin: 0px 1px; font-family: inherit;\"><span class=\"_6qdm\" style=\"background-repeat: no-repeat; background-size: contain; color: transparent; display: inline-block; text-shadow: none; vertical-align: text-bottom; font-family: inherit; height: 16px; width: 16px; font-size: 16px; background-image: url(\'https://static.xx.fbcdn.net/images/emoji.php/v9/t4d/1/16/1f4de.png\');\">📞</span></span>&nbsp;* 40 40<br /><span class=\"_5mfr\" style=\"margin: 0px 1px; font-family: inherit;\"><span class=\"_6qdm\" style=\"background-repeat: no-repeat; background-size: contain; color: transparent; display: inline-block; text-shadow: none; vertical-align: text-bottom; font-family: inherit; height: 16px; width: 16px; font-size: 16px; background-image: url(\'https://static.xx.fbcdn.net/images/emoji.php/v9/t37/1/16/2709.png\');\">✉️</span></span>&nbsp;info@freetaxi.ge<br /><span class=\"_5mfr\" style=\"margin: 0px 1px; font-family: inherit;\"><span class=\"_6qdm\" style=\"background-repeat: no-repeat; background-size: contain; color: transparent; display: inline-block; text-shadow: none; vertical-align: text-bottom; font-family: inherit; height: 16px; width: 16px; font-size: 16px; background-image: url(\'https://static.xx.fbcdn.net/images/emoji.php/v9/tac/1/16/1f4cc.png\');\">📌</span></span>&nbsp;საქართველო , ბათუმი<br /><span class=\"_5mfr\" style=\"margin: 0px 1px; font-family: inherit;\"><span class=\"_6qdm\" style=\"background-repeat: no-repeat; background-size: contain; color: transparent; display: inline-block; text-shadow: none; vertical-align: text-bottom; font-family: inherit; height: 16px; width: 16px; font-size: 16px; background-image: url(\'https://static.xx.fbcdn.net/images/emoji.php/v9/taa/1/16/1f310.png\');\">🌐</span></span>&nbsp;<a style=\"color: #385898; cursor: pointer; text-decoration-line: none; font-family: inherit;\" href=\"http://www.freetaxi.ge/?fbclid=IwAR2BujZbJwVZBfHMHE6PUVatHWuKp1CXYhFmjQyBN6ehA35JaedYMFD12Rw\" target=\"_blank\" rel=\"noopener nofollow\" data-ft=\"{&quot;tn&quot;:&quot;-U&quot;}\" data-lynx-mode=\"async\" data-lynx-uri=\"https://l.facebook.com/l.php?u=http%3A%2F%2Fwww.freetaxi.ge%2F%3Ffbclid%3DIwAR2BujZbJwVZBfHMHE6PUVatHWuKp1CXYhFmjQyBN6ehA35JaedYMFD12Rw&amp;h=AT1LvP7OsStjjdj2v70I8x02gAW2uP63brBmwrkpHpDz04E_d1oXrBIn9BjrEco5tRhITXuDbVUdgtycO-W6ZCtOmBfYzPQeNafHnl7Pk7Sa4VzW0g0z2uASfKbQiw6eltobR2dsSmVvgvxeIwam7L134rr6sRNxv_ba9fKJ5-gLxGL_JSMLP8cikRE8r3oSGxA8yLd6C8aKVBVfEpOlEgsIrDb4AaxX2E2E_PmvKL2qUv7a2qpcaoyLnEOmYRMdAMv4YsmyPBfBVdxLzsuliQlI102BY0Agu9Jm4yeqJmM5A3Rr59IELpdR0gs4xdeQnzYdslsM3kQHhM-gLsjatyp7JR654TF2IzO4IhNwnEBNkni2tHXAZ_R-9VALG0A2I-kILBCyKTw-PRfAxjgRCQiaT_q986G2GC-et5dfoW9txvXRYK_Zb32_L5gZZIUAj-JAiUF6rvqFC_T0usiC6TPZhgi26ziPPf6uqS6_z1a1IhjuC7oTNepgRxcO6xCwf7AdOXC1kY8iD-2TvVxHpo6lkcX4WGdFpNlsxcJtZr1mkHBj9M_WX23LU_hdphaE73gK3cXzZjmonqCiVzcMnBQtx90XNH2jUileq1O_ZC7PYKO2ARCgodyW_f8_0gI\">www.freetaxi.ge</a></p>\r\n</div>','posts/May2020/VGkbCMQga9yUaYCvvY8N.jpg','ტაქსის-გამოძახების-სერვისი-ბათუმში','🚖 ტაქსის გამოძახების სერვისი ბათუმში','🚖 ტაქსის გამოძახების სერვისი ბათუმში','PUBLISHED',0,'2020-05-08 19:06:00','2020-05-15 19:00:30'),(9,'Davit Gakhokia',1,'მგზავრებისა და მძღოლების უსაფრთხოება 🦠🛡','ჩვენთვის ყველაზე მნიშვნელოვანია მგზავრებისა და მძღოლების უსაფრთხოება 🦠🛡',NULL,'<p style=\"margin: 0px 0px 6px; font-family: Helvetica, Arial, sans-serif; color: #1c1e21;\">ჩვენთვის ყველაზე მნიშვნელოვანია მგზავრებისა და მძღოლების უსაფრთხოება&nbsp;<span class=\"_5mfr\" style=\"margin: 0px 1px; font-family: inherit;\"><span class=\"_6qdm\" style=\"background-repeat: no-repeat; background-size: contain; color: transparent; display: inline-block; text-shadow: none; vertical-align: text-bottom; font-family: inherit; height: 16px; width: 16px; font-size: 16px; background-image: url(\'https://static.xx.fbcdn.net/images/emoji.php/v9/t0/1/16/1f9a0.png\');\">🦠</span></span><span class=\"_5mfr\" style=\"margin: 0px 1px; font-family: inherit;\"><span class=\"_6qdm\" style=\"background-repeat: no-repeat; background-size: contain; color: transparent; display: inline-block; text-shadow: none; vertical-align: text-bottom; font-family: inherit; height: 16px; width: 16px; font-size: 16px; background-image: url(\'https://static.xx.fbcdn.net/images/emoji.php/v9/t3a/1/16/1f6e1.png\');\">🛡</span></span><br /><span class=\"_5mfr\" style=\"margin: 0px 1px; font-family: inherit;\"><span class=\"_6qdm\" style=\"background-repeat: no-repeat; background-size: contain; color: transparent; display: inline-block; text-shadow: none; vertical-align: text-bottom; font-family: inherit; height: 16px; width: 16px; font-size: 16px; background-image: url(\'https://static.xx.fbcdn.net/images/emoji.php/v9/t64/1/16/1f91d.png\');\">🤝</span></span>&nbsp;შესაბამისად მაქსიმალურად ვითვალისწინებთ მთავრობის მიერ გაცემულ რეკომენდაციებს და ამ ეტაპზე იზღუდება მგზავრების რაოდენობა&nbsp;<span class=\"_5mfr\" style=\"margin: 0px 1px; font-family: inherit;\"><span class=\"_6qdm\" style=\"background-repeat: no-repeat; background-size: contain; color: transparent; display: inline-block; text-shadow: none; vertical-align: text-bottom; font-family: inherit; height: 16px; width: 16px; font-size: 16px; background-image: url(\'https://static.xx.fbcdn.net/images/emoji.php/v9/t8b/1/16/1f465.png\');\">👥</span></span><br />ბოდიშს გიხდით შექმნილი დისკომფორტისთვის,&nbsp;<span class=\"_5mfr\" style=\"margin: 0px 1px; font-family: inherit;\"><span class=\"_6qdm\" style=\"background-repeat: no-repeat; background-size: contain; color: transparent; display: inline-block; text-shadow: none; vertical-align: text-bottom; font-family: inherit; height: 16px; width: 16px; font-size: 16px; background-image: url(\'https://static.xx.fbcdn.net/images/emoji.php/v9/t80/1/16/1f64f.png\');\">🙏</span></span><br />გაუფრთხილდით თავს და აუცილებლად გაითვალისწინეთ მსოფლიო ჯანდაცვის ორგანიზაციის მიერ გაცემული რეკომენდაციები&nbsp;<span class=\"_5mfr\" style=\"margin: 0px 1px; font-family: inherit;\"><span class=\"_6qdm\" style=\"background-repeat: no-repeat; background-size: contain; color: transparent; display: inline-block; text-shadow: none; vertical-align: text-bottom; font-family: inherit; height: 16px; width: 16px; font-size: 16px; background-image: url(\'https://static.xx.fbcdn.net/images/emoji.php/v9/t15/1/16/1f49b.png\');\">💛</span></span><span class=\"_5mfr\" style=\"margin: 0px 1px; font-family: inherit;\"><span class=\"_6qdm\" style=\"background-repeat: no-repeat; background-size: contain; color: transparent; display: inline-block; text-shadow: none; vertical-align: text-bottom; font-family: inherit; height: 16px; width: 16px; font-size: 16px; background-image: url(\'https://static.xx.fbcdn.net/images/emoji.php/v9/t6b/1/16/1f696.png\');\">🚖</span></span></p>\r\n<div class=\"text_exposed_show\" style=\"display: inline; font-family: Helvetica, Arial, sans-serif; color: #1c1e21;\">\r\n<p style=\"margin: 0px 0px 6px; font-family: inherit;\"><a class=\"_58cn\" style=\"color: #385898; cursor: pointer; text-decoration-line: none; font-family: inherit;\" href=\"https://www.facebook.com/hashtag/%E1%83%A2%E1%83%90%E1%83%A5%E1%83%A1%E1%83%98?source=feed_text&amp;epa=HASHTAG&amp;__xts__%5B0%5D=68.ARAseTSW35_YR0bv61juupJv389du6a5jLE9X03wlj9utah7tKX6Xc7dBA4bTER2wNLeR8GrzQFlHDRLYHAtO3Rl9BnmsQ_3mbWEIvjRPXEybWPIMcuq10v_kb7gG89B6WKhcRgTITE5hXikr-JP6hZM6hwzD_NL9ns0n9VMP0lGF15H01zSBEutwzxRPhMT4l4NXJPE3O0Z6xZIurJR376Jkxr9Q2FznnSNAG3Bujm__oENdpJ-B0BAk1Z77tsIPmvaZcR3ZgePYy0SSS64qLRy1MBy7pBVXEM2Adw0RWQE-kq-lP516Py9SJrUUoKVULoTvqsZvPScaiyYcB91TYg&amp;__tn__=%2ANK-R\" data-ft=\"{&quot;type&quot;:104,&quot;tn&quot;:&quot;*N&quot;}\"><span class=\"_5afx\" style=\"direction: ltr; unicode-bidi: isolate; font-family: inherit;\"><span class=\"_58cl _5afz\" style=\"unicode-bidi: isolate; color: #365899; font-family: inherit;\" aria-label=\"hashtag\">#</span><span class=\"_58cm\" style=\"font-family: inherit;\">ტაქსი</span></span></a>&nbsp;<a class=\"_58cn\" style=\"color: #385898; cursor: pointer; text-decoration-line: none; font-family: inherit;\" href=\"https://www.facebook.com/hashtag/%E1%83%A2%E1%83%90%E1%83%A5%E1%83%A1%E1%83%98%E1%83%A1_%E1%83%92%E1%83%90%E1%83%9B%E1%83%9D%E1%83%AB%E1%83%90%E1%83%AE%E1%83%94%E1%83%91%E1%83%90?source=feed_text&amp;epa=HASHTAG&amp;__xts__%5B0%5D=68.ARAseTSW35_YR0bv61juupJv389du6a5jLE9X03wlj9utah7tKX6Xc7dBA4bTER2wNLeR8GrzQFlHDRLYHAtO3Rl9BnmsQ_3mbWEIvjRPXEybWPIMcuq10v_kb7gG89B6WKhcRgTITE5hXikr-JP6hZM6hwzD_NL9ns0n9VMP0lGF15H01zSBEutwzxRPhMT4l4NXJPE3O0Z6xZIurJR376Jkxr9Q2FznnSNAG3Bujm__oENdpJ-B0BAk1Z77tsIPmvaZcR3ZgePYy0SSS64qLRy1MBy7pBVXEM2Adw0RWQE-kq-lP516Py9SJrUUoKVULoTvqsZvPScaiyYcB91TYg&amp;__tn__=%2ANK-R\" data-ft=\"{&quot;type&quot;:104,&quot;tn&quot;:&quot;*N&quot;}\"><span class=\"_5afx\" style=\"direction: ltr; unicode-bidi: isolate; font-family: inherit;\"><span class=\"_58cl _5afz\" style=\"unicode-bidi: isolate; color: #365899; font-family: inherit;\" aria-label=\"hashtag\">#</span><span class=\"_58cm\" style=\"font-family: inherit;\">ტაქსის_გამოძახება</span></span></a><br /><a class=\"_58cn\" style=\"color: #385898; cursor: pointer; text-decoration-line: none; font-family: inherit;\" href=\"https://www.facebook.com/hashtag/%E1%83%A2%E1%83%90%E1%83%A5%E1%83%A1%E1%83%98_%E1%83%91%E1%83%90%E1%83%97%E1%83%A3%E1%83%9B%E1%83%A8%E1%83%98?source=feed_text&amp;epa=HASHTAG&amp;__xts__%5B0%5D=68.ARAseTSW35_YR0bv61juupJv389du6a5jLE9X03wlj9utah7tKX6Xc7dBA4bTER2wNLeR8GrzQFlHDRLYHAtO3Rl9BnmsQ_3mbWEIvjRPXEybWPIMcuq10v_kb7gG89B6WKhcRgTITE5hXikr-JP6hZM6hwzD_NL9ns0n9VMP0lGF15H01zSBEutwzxRPhMT4l4NXJPE3O0Z6xZIurJR376Jkxr9Q2FznnSNAG3Bujm__oENdpJ-B0BAk1Z77tsIPmvaZcR3ZgePYy0SSS64qLRy1MBy7pBVXEM2Adw0RWQE-kq-lP516Py9SJrUUoKVULoTvqsZvPScaiyYcB91TYg&amp;__tn__=%2ANK-R\" data-ft=\"{&quot;type&quot;:104,&quot;tn&quot;:&quot;*N&quot;}\"><span class=\"_5afx\" style=\"direction: ltr; unicode-bidi: isolate; font-family: inherit;\"><span class=\"_58cl _5afz\" style=\"unicode-bidi: isolate; color: #365899; font-family: inherit;\" aria-label=\"hashtag\">#</span><span class=\"_58cm\" style=\"font-family: inherit;\">ტაქსი_ბათუმში</span></span></a>&nbsp;<a class=\"_58cn\" style=\"color: #385898; cursor: pointer; text-decoration-line: none; font-family: inherit;\" href=\"https://www.facebook.com/hashtag/%E1%83%90%E1%83%AE%E1%83%90%E1%83%9A%E1%83%98%E1%83%A2%E1%83%90%E1%83%A5%E1%83%A1%E1%83%98?source=feed_text&amp;epa=HASHTAG&amp;__xts__%5B0%5D=68.ARAseTSW35_YR0bv61juupJv389du6a5jLE9X03wlj9utah7tKX6Xc7dBA4bTER2wNLeR8GrzQFlHDRLYHAtO3Rl9BnmsQ_3mbWEIvjRPXEybWPIMcuq10v_kb7gG89B6WKhcRgTITE5hXikr-JP6hZM6hwzD_NL9ns0n9VMP0lGF15H01zSBEutwzxRPhMT4l4NXJPE3O0Z6xZIurJR376Jkxr9Q2FznnSNAG3Bujm__oENdpJ-B0BAk1Z77tsIPmvaZcR3ZgePYy0SSS64qLRy1MBy7pBVXEM2Adw0RWQE-kq-lP516Py9SJrUUoKVULoTvqsZvPScaiyYcB91TYg&amp;__tn__=%2ANK-R\" data-ft=\"{&quot;type&quot;:104,&quot;tn&quot;:&quot;*N&quot;}\"><span class=\"_5afx\" style=\"direction: ltr; unicode-bidi: isolate; font-family: inherit;\"><span class=\"_58cl _5afz\" style=\"unicode-bidi: isolate; color: #365899; font-family: inherit;\" aria-label=\"hashtag\">#</span><span class=\"_58cm\" style=\"font-family: inherit;\">ახალიტაქსი</span></span></a><br /><a class=\"_58cn\" style=\"color: #385898; cursor: pointer; text-decoration-line: none; font-family: inherit;\" href=\"https://www.facebook.com/hashtag/f%E1%83%A0%E1%83%98%E1%83%98taxi?source=feed_text&amp;epa=HASHTAG&amp;__xts__%5B0%5D=68.ARAseTSW35_YR0bv61juupJv389du6a5jLE9X03wlj9utah7tKX6Xc7dBA4bTER2wNLeR8GrzQFlHDRLYHAtO3Rl9BnmsQ_3mbWEIvjRPXEybWPIMcuq10v_kb7gG89B6WKhcRgTITE5hXikr-JP6hZM6hwzD_NL9ns0n9VMP0lGF15H01zSBEutwzxRPhMT4l4NXJPE3O0Z6xZIurJR376Jkxr9Q2FznnSNAG3Bujm__oENdpJ-B0BAk1Z77tsIPmvaZcR3ZgePYy0SSS64qLRy1MBy7pBVXEM2Adw0RWQE-kq-lP516Py9SJrUUoKVULoTvqsZvPScaiyYcB91TYg&amp;__tn__=%2ANK-R\" data-ft=\"{&quot;type&quot;:104,&quot;tn&quot;:&quot;*N&quot;}\"><span class=\"_5afx\" style=\"direction: ltr; unicode-bidi: isolate; font-family: inherit;\"><span class=\"_58cl _5afz\" style=\"unicode-bidi: isolate; color: #365899; font-family: inherit;\" aria-label=\"hashtag\">#</span><span class=\"_58cm\" style=\"font-family: inherit;\">FრიიTaxi</span></span></a><br /><span class=\"_5mfr\" style=\"margin: 0px 1px; font-family: inherit;\"><span class=\"_6qdm\" style=\"background-repeat: no-repeat; background-size: contain; color: transparent; display: inline-block; text-shadow: none; vertical-align: text-bottom; font-family: inherit; height: 16px; width: 16px; font-size: 16px; background-image: url(\'https://static.xx.fbcdn.net/images/emoji.php/v9/t4d/1/16/1f4de.png\');\">📞</span></span>&nbsp;* 40 40<br /><span class=\"_5mfr\" style=\"margin: 0px 1px; font-family: inherit;\"><span class=\"_6qdm\" style=\"background-repeat: no-repeat; background-size: contain; color: transparent; display: inline-block; text-shadow: none; vertical-align: text-bottom; font-family: inherit; height: 16px; width: 16px; font-size: 16px; background-image: url(\'https://static.xx.fbcdn.net/images/emoji.php/v9/t37/1/16/2709.png\');\">✉️</span></span>&nbsp;info@freetaxi.ge<br /><span class=\"_5mfr\" style=\"margin: 0px 1px; font-family: inherit;\"><span class=\"_6qdm\" style=\"background-repeat: no-repeat; background-size: contain; color: transparent; display: inline-block; text-shadow: none; vertical-align: text-bottom; font-family: inherit; height: 16px; width: 16px; font-size: 16px; background-image: url(\'https://static.xx.fbcdn.net/images/emoji.php/v9/tac/1/16/1f4cc.png\');\">📌</span></span>&nbsp;საქართველო , ბათუმი<br /><span class=\"_5mfr\" style=\"margin: 0px 1px; font-family: inherit;\"><span class=\"_6qdm\" style=\"background-repeat: no-repeat; background-size: contain; color: transparent; display: inline-block; text-shadow: none; vertical-align: text-bottom; font-family: inherit; height: 16px; width: 16px; font-size: 16px; background-image: url(\'https://static.xx.fbcdn.net/images/emoji.php/v9/taa/1/16/1f310.png\');\">🌐</span></span>&nbsp;<a style=\"color: #385898; cursor: pointer; text-decoration-line: none; font-family: inherit;\" href=\"http://www.freetaxi.ge/?fbclid=IwAR3DiY0pcEiXlgckYDA-13NNpQ14H3pzCdNFZ45beFSCqoZoYLft-px42TQ\" target=\"_blank\" rel=\"noopener nofollow\" data-ft=\"{&quot;tn&quot;:&quot;-U&quot;}\" data-lynx-mode=\"async\" data-lynx-uri=\"https://l.facebook.com/l.php?u=http%3A%2F%2Fwww.freetaxi.ge%2F%3Ffbclid%3DIwAR3DiY0pcEiXlgckYDA-13NNpQ14H3pzCdNFZ45beFSCqoZoYLft-px42TQ&amp;h=AT3O5haXlnRA2tAjA3qmSGJAbp1YFu8PFBEcI4Le5SYk0oGvOKHmDOhTmBxmK9uJTBwOsxit0ssXQOc3pMlWl0mjMykQDpH3uFYA9bG3JJk9xf89ywoRFvRe1WhxSnv_ZQSVDJoUHHV_oU8f5xU60w_5nH2JlPcIojRkQdocEhY0OYLuI2okSh3Di2Qw2fmVW5HFwN8duCa36kuY-mgTT6Pdz3_EC6zRgtvqpEA7eWfYYcnpTE62XCM3qIFFdhqn4wBeoW_HzDILiSatP1ZoG7HGcf-dh8YR4M61TjeM9jjRMAljMAxc7lOZl6uWIKAsB6luDQJkJ9GiNkCIrGntt9pYtdi0qgvfFajFYyzPzTFplsK9nLZ2WDMr2HbywVAXtBdznTtQH7AWdCjkVKYvjpCx6y57TgD4HMUQSqw3jYKIhw7gCcWZhL_h2W91_V1XuZ0qG5sph-Ay8JKC5k0RvfmlIiU9IUTNOHjm5eInOUCxcuadrq6hcJ2Z5IRddZCZXOcPb-HkucsCfuv4lDF5TnQ5xJQdPKREXW8f3uePEXkYwa7XLthmj4tnH4RDl7lUdstgYcFJ5cO-GdEImvqOCrIB3lvOIKKg_oFDTiEeBV6O2SeVs-L03SOyMw8_c18\">www.freetaxi.ge</a></p>\r\n</div>','posts/May2020/ttJaX1OG2VamEbmWGWpS.jpg','მგზავრებისა-და-მძღოლების-უსაფრთხოება','ჩვენთვის ყველაზე მნიშვნელოვანია მგზავრებისა და მძღოლების უსაფრთხოება 🦠🛡','ჩვენთვის ყველაზე მნიშვნელოვანია მგზავრებისა და მძღოლების უსაფრთხოება 🦠🛡','PUBLISHED',0,'2020-05-15 17:51:50','2020-05-15 19:00:17'),(10,'Davit Gakhokia',1,'Fრიი TAXI 06:00 საათიდან საღამოს 21:00 საათამდე','დილის 06:00 საათიდან საღამოს 21:00 საათამდე.',NULL,'<p style=\"margin: 0px 0px 6px; font-family: Helvetica, Arial, sans-serif; color: #1c1e21;\">ქვეყანაში გამოცხადებული კარანტინის წესების მიხედვით, 22 მაისამდე Fრიი TAXI იმუშავებს - დილის 06:00 საათიდან საღამოს 21:00 საათამდე.&nbsp;<span class=\"_5mfr\" style=\"margin: 0px 1px; font-family: inherit;\"><span class=\"_6qdm\" style=\"background-repeat: no-repeat; background-size: contain; color: transparent; display: inline-block; text-shadow: none; vertical-align: text-bottom; font-family: inherit; height: 16px; width: 16px; font-size: 16px; background-image: url(\'https://static.xx.fbcdn.net/images/emoji.php/v9/tee/1/16/1f699.png\');\">🚙</span></span></p>\r\n<p style=\"margin: 6px 0px; font-family: Helvetica, Arial, sans-serif; color: #1c1e21;\">იქედან გამომდინარე, რომ 21:00 საათის შემდეგ ქუჩაში მოძრაობა იკრძალება, გთხოვთ, დაიჭიროთ თადარიგი, რათა მძღოლებსაც მივცეთ საშუალება, დროულად დაასრულონ სამუშაო საათები და დაიცვან საყოველთაო წესები.&nbsp;<span class=\"_5mfr\" style=\"margin: 0px 1px; font-family: inherit;\"><span class=\"_6qdm\" style=\"background-repeat: no-repeat; background-size: contain; color: transparent; display: inline-block; text-shadow: none; vertical-align: text-bottom; font-family: inherit; height: 16px; width: 16px; font-size: 16px; background-image: url(\'https://static.xx.fbcdn.net/images/emoji.php/v9/t6b/1/16/1f696.png\');\">🚖</span></span><span class=\"_5mfr\" style=\"margin: 0px 1px; font-family: inherit;\"><span class=\"_6qdm\" style=\"background-repeat: no-repeat; background-size: contain; color: transparent; display: inline-block; text-shadow: none; vertical-align: text-bottom; font-family: inherit; height: 16px; width: 16px; font-size: 16px; background-image: url(\'https://static.xx.fbcdn.net/images/emoji.php/v9/t15/1/16/1f49b.png\');\">💛</span></span><span class=\"_5mfr\" style=\"margin: 0px 1px; font-family: inherit;\"><span class=\"_6qdm\" style=\"background-repeat: no-repeat; background-size: contain; color: transparent; display: inline-block; text-shadow: none; vertical-align: text-bottom; font-family: inherit; height: 16px; width: 16px; font-size: 16px; background-image: url(\'https://static.xx.fbcdn.net/images/emoji.php/v9/t80/1/16/1f64f.png\');\">🙏</span></span></p>\r\n<p style=\"margin: 6px 0px; font-family: Helvetica, Arial, sans-serif; color: #1c1e21;\"><a class=\"_58cn\" style=\"color: #385898; cursor: pointer; text-decoration-line: none; font-family: inherit;\" href=\"https://www.facebook.com/hashtag/%E1%83%A2%E1%83%90%E1%83%A5%E1%83%A1%E1%83%98?source=feed_text&amp;epa=HASHTAG&amp;__xts__%5B0%5D=68.ARAHgtYrGozNOMDXzP_LGfLVqNWd81VVv6167t5cR1H2KGDy3BQI1bd9NSaU6jegERAc0RsZZ80RTdfoMv1DuJPt7q_9L7ROyfHYdS3739iIhhovbReB7agFKwYB-3f1HgdoN7J0gMkblfYAcbBpRrAuXBvwe3ucxzhpvUwpPc43iH41gLCfM_kBzyT5yLH_Oy38jfmZB24PvDKWMLFFITl2A9rjF20nmZfqlPKNxlhJXDi-PhWXerydTBA-AUWBRlhhwegQbsEjSqOVAALmoKOSkyV5GmI4QvmHzu-XWRxA97udilVBoMUUJhuZL5Mm_jfso_bWARhAkst-lVFe1V0&amp;__tn__=%2ANK-R\" data-ft=\"{&quot;type&quot;:104,&quot;tn&quot;:&quot;*N&quot;}\"><span class=\"_5afx\" style=\"direction: ltr; unicode-bidi: isolate; font-family: inherit;\"><span class=\"_58cl _5afz\" style=\"unicode-bidi: isolate; color: #365899; font-family: inherit;\" aria-label=\"hashtag\">#</span><span class=\"_58cm\" style=\"font-family: inherit;\">ტაქსი</span></span></a>&nbsp;<a class=\"_58cn\" style=\"color: #385898; cursor: pointer; text-decoration-line: none; font-family: inherit;\" href=\"https://www.facebook.com/hashtag/%E1%83%A2%E1%83%90%E1%83%A5%E1%83%A1%E1%83%98%E1%83%A1_%E1%83%92%E1%83%90%E1%83%9B%E1%83%9D%E1%83%AB%E1%83%90%E1%83%AE%E1%83%94%E1%83%91%E1%83%90?source=feed_text&amp;epa=HASHTAG&amp;__xts__%5B0%5D=68.ARAHgtYrGozNOMDXzP_LGfLVqNWd81VVv6167t5cR1H2KGDy3BQI1bd9NSaU6jegERAc0RsZZ80RTdfoMv1DuJPt7q_9L7ROyfHYdS3739iIhhovbReB7agFKwYB-3f1HgdoN7J0gMkblfYAcbBpRrAuXBvwe3ucxzhpvUwpPc43iH41gLCfM_kBzyT5yLH_Oy38jfmZB24PvDKWMLFFITl2A9rjF20nmZfqlPKNxlhJXDi-PhWXerydTBA-AUWBRlhhwegQbsEjSqOVAALmoKOSkyV5GmI4QvmHzu-XWRxA97udilVBoMUUJhuZL5Mm_jfso_bWARhAkst-lVFe1V0&amp;__tn__=%2ANK-R\" data-ft=\"{&quot;type&quot;:104,&quot;tn&quot;:&quot;*N&quot;}\"><span class=\"_5afx\" style=\"direction: ltr; unicode-bidi: isolate; font-family: inherit;\"><span class=\"_58cl _5afz\" style=\"unicode-bidi: isolate; color: #365899; font-family: inherit;\" aria-label=\"hashtag\">#</span><span class=\"_58cm\" style=\"font-family: inherit;\">ტაქსის_გამოძახება</span></span></a><span class=\"text_exposed_show\" style=\"display: inline; font-family: inherit;\"><br /><a class=\"_58cn\" style=\"color: #385898; cursor: pointer; text-decoration-line: none; font-family: inherit;\" href=\"https://www.facebook.com/hashtag/%E1%83%A2%E1%83%90%E1%83%A5%E1%83%A1%E1%83%98_%E1%83%91%E1%83%90%E1%83%97%E1%83%A3%E1%83%9B%E1%83%A8%E1%83%98?source=feed_text&amp;epa=HASHTAG&amp;__xts__%5B0%5D=68.ARAHgtYrGozNOMDXzP_LGfLVqNWd81VVv6167t5cR1H2KGDy3BQI1bd9NSaU6jegERAc0RsZZ80RTdfoMv1DuJPt7q_9L7ROyfHYdS3739iIhhovbReB7agFKwYB-3f1HgdoN7J0gMkblfYAcbBpRrAuXBvwe3ucxzhpvUwpPc43iH41gLCfM_kBzyT5yLH_Oy38jfmZB24PvDKWMLFFITl2A9rjF20nmZfqlPKNxlhJXDi-PhWXerydTBA-AUWBRlhhwegQbsEjSqOVAALmoKOSkyV5GmI4QvmHzu-XWRxA97udilVBoMUUJhuZL5Mm_jfso_bWARhAkst-lVFe1V0&amp;__tn__=%2ANK-R\" data-ft=\"{&quot;type&quot;:104,&quot;tn&quot;:&quot;*N&quot;}\"><span class=\"_5afx\" style=\"direction: ltr; unicode-bidi: isolate; font-family: inherit;\"><span class=\"_58cl _5afz\" style=\"unicode-bidi: isolate; color: #365899; font-family: inherit;\" aria-label=\"hashtag\">#</span><span class=\"_58cm\" style=\"font-family: inherit;\">ტაქსი_ბათუმში</span></span></a>&nbsp;<a class=\"_58cn\" style=\"color: #385898; cursor: pointer; text-decoration-line: none; font-family: inherit;\" href=\"https://www.facebook.com/hashtag/%E1%83%90%E1%83%AE%E1%83%90%E1%83%9A%E1%83%98%E1%83%A2%E1%83%90%E1%83%A5%E1%83%A1%E1%83%98?source=feed_text&amp;epa=HASHTAG&amp;__xts__%5B0%5D=68.ARAHgtYrGozNOMDXzP_LGfLVqNWd81VVv6167t5cR1H2KGDy3BQI1bd9NSaU6jegERAc0RsZZ80RTdfoMv1DuJPt7q_9L7ROyfHYdS3739iIhhovbReB7agFKwYB-3f1HgdoN7J0gMkblfYAcbBpRrAuXBvwe3ucxzhpvUwpPc43iH41gLCfM_kBzyT5yLH_Oy38jfmZB24PvDKWMLFFITl2A9rjF20nmZfqlPKNxlhJXDi-PhWXerydTBA-AUWBRlhhwegQbsEjSqOVAALmoKOSkyV5GmI4QvmHzu-XWRxA97udilVBoMUUJhuZL5Mm_jfso_bWARhAkst-lVFe1V0&amp;__tn__=%2ANK-R\" data-ft=\"{&quot;type&quot;:104,&quot;tn&quot;:&quot;*N&quot;}\"><span class=\"_5afx\" style=\"direction: ltr; unicode-bidi: isolate; font-family: inherit;\"><span class=\"_58cl _5afz\" style=\"unicode-bidi: isolate; color: #365899; font-family: inherit;\" aria-label=\"hashtag\">#</span><span class=\"_58cm\" style=\"font-family: inherit;\">ახალიტაქსი</span></span></a><br /><a class=\"_58cn\" style=\"color: #385898; cursor: pointer; text-decoration-line: none; font-family: inherit;\" href=\"https://www.facebook.com/hashtag/f%E1%83%A0%E1%83%98%E1%83%98taxi?source=feed_text&amp;epa=HASHTAG&amp;__xts__%5B0%5D=68.ARAHgtYrGozNOMDXzP_LGfLVqNWd81VVv6167t5cR1H2KGDy3BQI1bd9NSaU6jegERAc0RsZZ80RTdfoMv1DuJPt7q_9L7ROyfHYdS3739iIhhovbReB7agFKwYB-3f1HgdoN7J0gMkblfYAcbBpRrAuXBvwe3ucxzhpvUwpPc43iH41gLCfM_kBzyT5yLH_Oy38jfmZB24PvDKWMLFFITl2A9rjF20nmZfqlPKNxlhJXDi-PhWXerydTBA-AUWBRlhhwegQbsEjSqOVAALmoKOSkyV5GmI4QvmHzu-XWRxA97udilVBoMUUJhuZL5Mm_jfso_bWARhAkst-lVFe1V0&amp;__tn__=%2ANK-R\" data-ft=\"{&quot;type&quot;:104,&quot;tn&quot;:&quot;*N&quot;}\"><span class=\"_5afx\" style=\"direction: ltr; unicode-bidi: isolate; font-family: inherit;\"><span class=\"_58cl _5afz\" style=\"unicode-bidi: isolate; color: #365899; font-family: inherit;\" aria-label=\"hashtag\">#</span><span class=\"_58cm\" style=\"font-family: inherit;\">FრიიTaxi</span></span></a><br /><span class=\"_5mfr\" style=\"margin: 0px 1px; font-family: inherit;\"><span class=\"_6qdm\" style=\"background-repeat: no-repeat; background-size: contain; color: transparent; display: inline-block; text-shadow: none; vertical-align: text-bottom; font-family: inherit; height: 16px; width: 16px; font-size: 16px; background-image: url(\'https://static.xx.fbcdn.net/images/emoji.php/v9/t4d/1/16/1f4de.png\');\">📞</span></span>&nbsp;* 40 40<br /><span class=\"_5mfr\" style=\"margin: 0px 1px; font-family: inherit;\"><span class=\"_6qdm\" style=\"background-repeat: no-repeat; background-size: contain; color: transparent; display: inline-block; text-shadow: none; vertical-align: text-bottom; font-family: inherit; height: 16px; width: 16px; font-size: 16px; background-image: url(\'https://static.xx.fbcdn.net/images/emoji.php/v9/t37/1/16/2709.png\');\">✉️</span></span>&nbsp;info@freetaxi.ge<br /><span class=\"_5mfr\" style=\"margin: 0px 1px; font-family: inherit;\"><span class=\"_6qdm\" style=\"background-repeat: no-repeat; background-size: contain; color: transparent; display: inline-block; text-shadow: none; vertical-align: text-bottom; font-family: inherit; height: 16px; width: 16px; font-size: 16px; background-image: url(\'https://static.xx.fbcdn.net/images/emoji.php/v9/tac/1/16/1f4cc.png\');\">📌</span></span>&nbsp;საქართველო , ბათუმი<br /><span class=\"_5mfr\" style=\"margin: 0px 1px; font-family: inherit;\"><span class=\"_6qdm\" style=\"background-repeat: no-repeat; background-size: contain; color: transparent; display: inline-block; text-shadow: none; vertical-align: text-bottom; font-family: inherit; height: 16px; width: 16px; font-size: 16px; background-image: url(\'https://static.xx.fbcdn.net/images/emoji.php/v9/taa/1/16/1f310.png\');\">🌐</span></span>&nbsp;<a style=\"color: #385898; cursor: pointer; text-decoration-line: none; font-family: inherit;\" href=\"https://l.facebook.com/l.php?u=http%3A%2F%2Fwww.freetaxi.ge%2F%3Ffbclid%3DIwAR1m9XflSmjOIfOtzONymMj0i5qoyquEdE8HWvytPkwojO1oEyZPOi45B_A&amp;h=AT3fHV62q6gzK_k0K5ab8zC-7G2Mg3w4msI8OVGobVBUqkORCXp9icpOx0Goi_3X1Yn4h5hKVERF5SAAZsOWfWoBmECYLLODIOI66QJv4qL2AROC1dHb_dWGs3uHdrdaV_IRNwXXeMXNz8nOEmcvh278WSNXl3jRKlhGBYDxAh3Vj6O6c2TpivMxbF42EeZuMAHcvhTSPtVeq9BQv7LUA9N1soOBzOn3tSiZUlbkWQRLbPbxbrM2xXabkeF_n9LvEJGMsQmLlEzmuIOF_zqPr2VMXU8u4kr7JVgvcgVLK2-tPTj_hmMcJyNRuVr1ZPQQfUFuHRgHWKopUY_nn5CBz-22o28AJ1flcdQvmOtC7Gfl-7HQDt3L-0mtLfKdcA6rzq8GXGYIyeLo9OH61fAB_GRmKsTe2KVWQ9NxLP2MhuD6zc5A_6ZhAWx3rwTC2BIPX9wxni_kkollfigxrZiL2327oIv9X9GyW_WN0M1_VuPOSO70ZdOV0QyFoSU8an1_DLWofnPZ3bKg_yz6MtWhKs_gvIy0is8XmcsvgM0A_P7Koij-W63p2a6nJJA97jbaH260x1bcfeg4tppTVve3P2GYsCSOY1IVByAA_2-fnmsDf4I4w5IPR7wcMPz7mvE\" target=\"_blank\" rel=\"noopener nofollow\" data-ft=\"{&quot;tn&quot;:&quot;-U&quot;}\" data-lynx-mode=\"async\">www.freetaxi.ge</a></span></p>','posts/May2020/lZCnSiVbCW6M6RYcrvXK.jpg','f-taxi-06-00-21-00','დილის 06:00 საათიდან საღამოს 21:00 საათამდე.','დილის 06:00 საათიდან საღამოს 21:00 საათამდე.','PUBLISHED',0,'2020-05-15 17:55:17','2020-05-15 19:00:10'),(12,'Davit Gakhokia',1,'🚖 ჩვენთან ტაქსის გამოძახება ბევრად მარტივი გახდა 📱','გამოძახება ბევრად მარტივი გახდა, ტაქსი, ტაქსი ბათუმში, #კომფორტული_გადადგილება #ტაქსი #ტაქსის_გამოძახება #ტაქსი_ბათუმში #ახალიტაქსი #FრიიTaxi #Batumi #taxibatumi','#კომფორტული_გადადგილება\r\n#ტაქსი #ტაქსის_გამოძახება\r\n#ტაქსი_ბათუმში #ახალიტაქსი\r\n#FრიიTaxi #Batumi #taxibatumi','<p>🚖 ჩვენთან ტაქსის გამოძახება ბევრად მარტივი გახდა 📱 ნებისმიერი ქსელიდან მარტივად დაგვირეკეთ ნომერზე 📞 *4040 ან 📲გადმოწერეთ ჩვენი აპლიკაცია Play Store -დან 👇 🌐 shorturl.at/ayMSW ✉️ info@freetaxi.ge 📌 საქართველო , ბათუმი 🌐 www.freetaxi.ge</p>','posts/June2020/NvB0N1nbz585b6d29w0U.jpg','ტაქსის-გამოძახება','გამოძახება ბევრად მარტივი გახდა','გამოძახება ბევრად მარტივი გახდა\r\n#კომფორტული_გადადგილება\r\n#ტაქსი #ტაქსის_გამოძახება\r\n#ტაქსი_ბათუმში #ახალიტაქსი\r\n#FრიიTaxi #Batumi #taxibatumi','PUBLISHED',0,'2020-06-03 12:07:44','2020-06-03 12:08:19'),(13,'Davit Gakhokia',1,'შეარჩიეთ Fრიი TAXI ✅ 🚕','Fრიი TAXI , TAXI Fრიი , TAXI , Free TAXI',NULL,'<p>შეარჩიეთ Fრიი TAXI ✅ 🚕 ჩვენ გარანტიას გაძლევთ მანქანის სწრაფად მიწოდების. გამოცდილი მძღოლები უსაფრთხოდ კომფორტულად და სუფთად მიგიყვანენ დანიშნულების ადგილზე. 🚖 🙌 გამოიძახე ტაქსი მარტივად დარეკე ნომერზე 👇 📞 *4040 ან ისარგებლეთ აპლიკაციით 📲გადმოწერეთ ჩვენი აპლიკაცია Play Store -დან 👇 🌐 shorturl.at/ayMSW</p>','posts/June2020/HmIw4ZYuImyfLnZCjhwq.png','f-taxi2','შეარჩიეთ Fრიი TAXI ✅ 🚕','გამოიძახეთ Fრიი TAXI ,','PUBLISHED',0,'2020-06-12 12:18:42','2020-06-12 12:19:09'),(14,'Davit Gakhokia',1,'გადმოწერეთ ჩვენი აპლიკაცია თქვენს მობილურში 📲','IOS აპლიკაცია, Android პლიკაცია',NULL,'<p>გადმოწერეთ ჩვენი აპლიკაცია თქვენს მობილურში 📲 ისარგებლეთ როგორც Android-ზე ასევე IOS-ზე 🤗🤳 აპლიცაკიის გადმოსაწერათ ეწვიეთ ჩვენს ვებ გვერდს 👇 🌐 www.freetaxi.ge ან ისარგებლეთ ბმულებით Android: 📲 https://rb.gy/fmigfc IOS: 📲 https://rb.gy/ppbckf</p>','posts/June2020/Lt2lp4VFdP6pSwgVshy5.jpg','IOS-aplikacia','IOS აპლიკაცია, Android პლიკაცია','IOS აპლიკაცია ,Android პლიკაცია','PUBLISHED',0,'2020-06-29 05:29:34','2020-06-29 05:30:10'),(15,'Davit Gakhokia',1,'✌️იმგზავრეთ Fრიი TAXI-ით ბათუმში ნებისმიერ ლოკაციაზე. 🚖','FრიიTAXI,  TAXI, taxi Batumi, ტქსი ბათუმში, ბათუმში ტაქსი','✌️იმგზავრეთ Fრიი TAXI-ით ბათუმში ნებისმიერ ლოკაციაზე. 🚖','<p style=\"margin: 0px 0px 6px; font-family: Helvetica, Arial, sans-serif; color: #1c1e21;\"><span class=\"_5mfr\" style=\"margin: 0px 1px; font-family: inherit;\"><span class=\"_6qdm\" style=\"background-repeat: no-repeat; background-size: contain; color: transparent; display: inline-block; text-shadow: none; vertical-align: text-bottom; font-family: inherit; height: 16px; width: 16px; font-size: 16px; background-image: url(\'https://static.xx.fbcdn.net/images/emoji.php/v9/t61/1/16/270c.png\');\">✌️</span></span>იმგზავრეთ Fრიი TAXI-ით ბათუმში ნებისმიერ ლოკაციაზე.&nbsp;<span class=\"_5mfr\" style=\"margin: 0px 1px; font-family: inherit;\"><span class=\"_6qdm\" style=\"background-repeat: no-repeat; background-size: contain; color: transparent; display: inline-block; text-shadow: none; vertical-align: text-bottom; font-family: inherit; height: 16px; width: 16px; font-size: 16px; background-image: url(\'https://static.xx.fbcdn.net/images/emoji.php/v9/t6b/1/16/1f696.png\');\">🚖</span></span></p>\r\n<p style=\"margin: 6px 0px; font-family: Helvetica, Arial, sans-serif; color: #1c1e21;\"><span class=\"_5mfr\" style=\"margin: 0px 1px; font-family: inherit;\"><span class=\"_6qdm\" style=\"background-repeat: no-repeat; background-size: contain; color: transparent; display: inline-block; text-shadow: none; vertical-align: text-bottom; font-family: inherit; height: 16px; width: 16px; font-size: 16px; background-image: url(\'https://static.xx.fbcdn.net/images/emoji.php/v9/t8d/1/16/2611.png\');\">☑️</span></span>&nbsp;კომფორტულად<br /><span class=\"_5mfr\" style=\"margin: 0px 1px; font-family: inherit;\"><span class=\"_6qdm\" style=\"background-repeat: no-repeat; background-size: contain; color: transparent; display: inline-block; text-shadow: none; vertical-align: text-bottom; font-family: inherit; height: 16px; width: 16px; font-size: 16px; background-image: url(\'https://static.xx.fbcdn.net/images/emoji.php/v9/t8d/1/16/2611.png\');\">☑️</span></span>&nbsp;უსაფრთოხოდ<br /><span class=\"_5mfr\" style=\"margin: 0px 1px; font-family: inherit;\"><span class=\"_6qdm\" style=\"background-repeat: no-repeat; background-size: contain; color: transparent; display: inline-block; text-shadow: none; vertical-align: text-bottom; font-family: inherit; height: 16px; width: 16px; font-size: 16px; background-image: url(\'https://static.xx.fbcdn.net/images/emoji.php/v9/t8d/1/16/2611.png\');\">☑️</span></span>&nbsp;ხელსაყრელ ფასად</p>\r\n<div class=\"text_exposed_show\" style=\"display: inline; font-family: Helvetica, Arial, sans-serif; color: #1c1e21;\">\r\n<p style=\"margin: 0px 0px 6px; font-family: inherit;\">ტაქსის გამოსაძახებლად დარეკეთ ნომერზე&nbsp;<span class=\"_5mfr\" style=\"margin: 0px 1px; font-family: inherit;\"><span class=\"_6qdm\" style=\"background-repeat: no-repeat; background-size: contain; color: transparent; display: inline-block; text-shadow: none; vertical-align: text-bottom; font-family: inherit; height: 16px; width: 16px; font-size: 16px; background-image: url(\'https://static.xx.fbcdn.net/images/emoji.php/v9/t4d/1/16/1f4de.png\');\">📞</span></span>&nbsp;* 4040</p>\r\n<p style=\"margin: 6px 0px; font-family: inherit;\"><span class=\"_5mfr\" style=\"margin: 0px 1px; font-family: inherit;\"><span class=\"_6qdm\" style=\"background-repeat: no-repeat; background-size: contain; color: transparent; display: inline-block; text-shadow: none; vertical-align: text-bottom; font-family: inherit; height: 16px; width: 16px; font-size: 16px; background-image: url(\'https://static.xx.fbcdn.net/images/emoji.php/v9/td8/1/16/1f4f2.png\');\">📲</span></span>&nbsp;ისარგებლეთ აპლიკაციით<br />Android-ზე ასევე IOS-ზე&nbsp;<span class=\"_5mfr\" style=\"margin: 0px 1px; font-family: inherit;\"><span class=\"_6qdm\" style=\"background-repeat: no-repeat; background-size: contain; color: transparent; display: inline-block; text-shadow: none; vertical-align: text-bottom; font-family: inherit; height: 16px; width: 16px; font-size: 16px; background-image: url(\'https://static.xx.fbcdn.net/images/emoji.php/v9/tb7/1/16/1f917.png\');\">🤗</span></span><span class=\"_5mfr\" style=\"margin: 0px 1px; font-family: inherit;\"><span class=\"_6qdm\" style=\"background-repeat: no-repeat; background-size: contain; color: transparent; display: inline-block; text-shadow: none; vertical-align: text-bottom; font-family: inherit; height: 16px; width: 16px; font-size: 16px; background-image: url(\'https://static.xx.fbcdn.net/images/emoji.php/v9/tf1/1/16/1f933.png\');\">🤳</span></span><br />აპლიცაკიის გადმოსაწერათ ეწვიეთ ჩვენს ვებ გვერდს&nbsp;<span class=\"_5mfr\" style=\"margin: 0px 1px; font-family: inherit;\"><span class=\"_6qdm\" style=\"background-repeat: no-repeat; background-size: contain; color: transparent; display: inline-block; text-shadow: none; vertical-align: text-bottom; font-family: inherit; height: 16px; width: 16px; font-size: 16px; background-image: url(\'https://static.xx.fbcdn.net/images/emoji.php/v9/t4f/1/16/1f447.png\');\">👇</span></span><br /><span class=\"_5mfr\" style=\"margin: 0px 1px; font-family: inherit;\"><span class=\"_6qdm\" style=\"background-repeat: no-repeat; background-size: contain; color: transparent; display: inline-block; text-shadow: none; vertical-align: text-bottom; font-family: inherit; height: 16px; width: 16px; font-size: 16px; background-image: url(\'https://static.xx.fbcdn.net/images/emoji.php/v9/taa/1/16/1f310.png\');\">🌐</span></span>&nbsp;<a style=\"color: #385898; cursor: pointer; text-decoration-line: none; font-family: inherit;\" href=\"http://www.freetaxi.ge/?fbclid=IwAR3CowfkfqxEgCsFaxAF0jN9xLw09XRv8OCfQRjKqhpz2E06KiKAq91cYbI\" target=\"_blank\" rel=\"noopener nofollow\" data-ft=\"{&quot;tn&quot;:&quot;-U&quot;}\" data-lynx-mode=\"async\" data-lynx-uri=\"https://l.facebook.com/l.php?u=http%3A%2F%2Fwww.freetaxi.ge%2F%3Ffbclid%3DIwAR3CowfkfqxEgCsFaxAF0jN9xLw09XRv8OCfQRjKqhpz2E06KiKAq91cYbI&amp;h=AT1K4_oC5J8cp441FQJs1cD9ihAMMQpx2QL45FOQdAWhTmE-rmdhZ1fLkHcjX6A2GKZxBpfDvsNtzhI06h1ljbC_TzCh_SvJJfp8KLS5xwshz7sxARE5dYGxNpUJEhuGhecQZpCLGqebZDVHicsGmltV4tFjRJJYl9c1ysEAivYlh1prhd3sfncqkltPDYieUckas8kodVjtyyWu0puKNHbhJv4IXBujynDasXmQ379cfAKGua8TnCNJwgwn3PMoud1xOLvY7awBls0fhA_V9bS0LKY-JBfatq-siZC_n7QAvsYSDQVEs6-VHx__y7HJ1WyoCNro9WaUH6TQzxQjqF7TxF8oxA88F6_xSQvI2IliDED826pC2tf-L2BW5yUhIp2kBK7yeDLNfpwUTaVIXF15k497rmaQQvFzvXFj8uZo8pXQDhjk8yH9EKT1YdV7RKYS8Kz2KRd3wCERHl2gry0JeViiKhjY9Ld0IvYra5STbIZE-3fRgUOf0zUwPCuV5uT0ZSIIv4mMppgaDQ7xGfpPWcawHOzGj54m5ghyVwujtpERPu6c6Iv2EFxBL0tlaYRlabvqEJrbSaNBfBp0T8zj198Cw5xiueGkAmPlSnlei2XFndIGX0n4J7LEIyg\">www.freetaxi.ge</a>&nbsp;ან<br />ისარგებლეთ ბმულებით<br />Android:&nbsp;<span class=\"_5mfr\" style=\"margin: 0px 1px; font-family: inherit;\"><span class=\"_6qdm\" style=\"background-repeat: no-repeat; background-size: contain; color: transparent; display: inline-block; text-shadow: none; vertical-align: text-bottom; font-family: inherit; height: 16px; width: 16px; font-size: 16px; background-image: url(\'https://static.xx.fbcdn.net/images/emoji.php/v9/td8/1/16/1f4f2.png\');\">📲</span></span>&nbsp;<a style=\"color: #385898; cursor: pointer; text-decoration-line: none; font-family: inherit;\" href=\"https://rb.gy/fmigfc?fbclid=IwAR3CowfkfqxEgCsFaxAF0jN9xLw09XRv8OCfQRjKqhpz2E06KiKAq91cYbI\" target=\"_blank\" rel=\"noopener nofollow\" data-ft=\"{&quot;tn&quot;:&quot;-U&quot;}\" data-lynx-mode=\"async\" data-lynx-uri=\"https://l.facebook.com/l.php?u=https%3A%2F%2Frb.gy%2Ffmigfc%3Ffbclid%3DIwAR3CowfkfqxEgCsFaxAF0jN9xLw09XRv8OCfQRjKqhpz2E06KiKAq91cYbI&amp;h=AT1EOKbwV95rohYcz4UxgrxEcFeIsiktuSw-D1OVknt3OARls8aKkWd5bKKgcX1UnA7lOLEy89EGWCuNokNFV8tUp9eBw8zuvxfzkIi0xPjbKkW1f-IjiB1DSowS3Lma2j3qliPFCPcf6m9gjPxMkweuolhX_Fi9JpuiSleXQsaAnbZuJfMOOVGwP_55zL6Y3TjOYATIgWMKMoTuV4FV368_qRy289zXJNiEUVrzQxd5QhHIW5rfpzHh6CjBhlWE8wCf5IZQYLwWoZl2ce5o4C3fBmhBR2aXybQCtsFgB8dVZcD7HPy_xvewAspa17qYHFAmvAnnlto7HIwRdWTy9J2RfbCBMbHfZNWZoxVP2p8EDwj7zYZCzjxHp_z_puoUdLf1AJHLimHfJHXydl3iIHt8oNjUnkvlTbdCLil0JtsD_flwBA3tWAa3TmXSy1-kCQj_C2U9TLR3RFObjgi1210rSzH1gvVaDsF2Wf6cS3E44uKw1bpuAMafqVCnRACxCuQVhqtvlYfcn5iqMmrrg53H96NswyqBBth0puF6T22LOJpbBC9k0c2N6bwNur3teN3CMPGFBnjjCniL5tf-dYPzdvhxSqUSevFBMkPNb_Bj0rSd6yNfOzcDd4Lagz0\">https://rb.gy/fmigfc</a><br />IOS:&nbsp;<span class=\"_5mfr\" style=\"margin: 0px 1px; font-family: inherit;\"><span class=\"_6qdm\" style=\"background-repeat: no-repeat; background-size: contain; color: transparent; display: inline-block; text-shadow: none; vertical-align: text-bottom; font-family: inherit; height: 16px; width: 16px; font-size: 16px; background-image: url(\'https://static.xx.fbcdn.net/images/emoji.php/v9/td8/1/16/1f4f2.png\');\">📲</span></span>&nbsp;<a style=\"color: #385898; cursor: pointer; text-decoration-line: none; font-family: inherit;\" href=\"https://l.facebook.com/l.php?u=https%3A%2F%2Frb.gy%2Fppbckf%3Ffbclid%3DIwAR3CowfkfqxEgCsFaxAF0jN9xLw09XRv8OCfQRjKqhpz2E06KiKAq91cYbI&amp;h=AT1pF95MqvEHA3mhgqZSmf2i6KTXhe_BmV5LttbwbMBaAh0Ow8X0hHwF3vidoPD0keqUNHtmlduxOglQs3H8uhWeTe5qYsK1EDuxxzYDRn2_glXhOGiEsu9YqypiqDgbIPs01u_J0K1UbA8jCPuL75cIKlSd2wiVky_lBZEweZYSkwEqxt20KQs4H6y_e8rIm2L9d5IE4TqM5ggqVu2XTvOFsgpO5GOp-saXDrmxUsOYuCZLIqVe3mdE6NYIPim8pf4FJvDLf2yYRTpiNDWsWZQXL6avUx8H-AFidPviuar9ErGC19M39aNgHnPo-C0nl1fuFOPh1ji2z3EgDZhU9jQkzwWf0citNxallsn4YMkybenFi5Rhj9VNB0eUYdAlJTmwxSUgmb20U-jQkm82q0-r4APPb4HWphu-gzrhjclgD_65U1zRuky6RYg9pSrACZ0avf05sPXuHngKkIWZQTUROLdZuU67184-rghmqAHe1uTY-QBpawM_B2BMg7GtQOVgQZGAwv0pmb_bJClWKxP9paq8OPfXKOFzOm0NPlBSDnzWpw3fcYbCfZwiVXNDwnlLb3cEJq4Jr359HS5SCdRmO0t0LfGbR5eTFlM37B-m1_4tiQy2BgL1itWShzY\" target=\"_blank\" rel=\"noopener nofollow\" data-ft=\"{&quot;tn&quot;:&quot;-U&quot;}\" data-lynx-mode=\"async\">https://rb.gy/ppbckf</a></p>\r\n</div>','posts/September2020/Lseg8r4fChch5hJLrIPO.png','f-taxi-batumi','✌️იმგზავრეთ Fრიი TAXI-ით ბათუმში ნებისმიერ ლოკაციაზე. 🚖','FრიიTAXI,  TAXI, taxi Batumi, ტქსი ბათუმში, ბათუმში ტაქსი','PUBLISHED',0,'2020-09-11 08:34:50','2020-09-11 08:36:46'),(16,'Davit Gakhokia',1,'გამოიძახეთ ტაქსი აპლიკაციიდან მარტივად 🚕','TAXi , FREE TAXI, TAXI Free','Fრიი TAXI აპლიკაციიდან გამოძახებისას დააგროვეთ ქულები','<p><span style=\"color: #1c1e21; font-family: Helvetica, Arial, sans-serif;\">გამოიძახეთ ტაქსი აპლიკაციიდან მარტივად&nbsp;</span><span class=\"_5mfr\" style=\"margin: 0px 1px; font-family: Helvetica, Arial, sans-serif; color: #1c1e21;\"><span class=\"_6qdm\" style=\"background-repeat: no-repeat; background-size: contain; color: transparent; display: inline-block; text-shadow: none; vertical-align: text-bottom; font-family: inherit; height: 16px; width: 16px; font-size: 16px; background-image: url(\'https://static.xx.fbcdn.net/images/emoji.php/v9/tea/1/16/1f695.png\');\">🚕</span></span><br style=\"color: #1c1e21; font-family: Helvetica, Arial, sans-serif;\" /><span style=\"color: #1c1e21; font-family: Helvetica, Arial, sans-serif;\">რიგორც Android ასევე IOS სისტემიდან.</span><br style=\"color: #1c1e21; font-family: Helvetica, Arial, sans-serif;\" /><span style=\"color: #1c1e21; font-family: Helvetica, Arial, sans-serif;\">აპლიკაციიდან გამოძახებისას დააგროვეთ ქულები, რომელსაც გამოიყენებთ შემდგომი მგზავრობისას&nbsp;</span><span class=\"_5mfr\" style=\"margin: 0px 1px; font-family: Helvetica, Arial, sans-serif; color: #1c1e21;\"><span class=\"_6qdm\" style=\"background-repeat: no-repeat; background-size: contain; color: transparent; display: inline-block; text-shadow: none; vertical-align: text-bottom; font-family: inherit; height: 16px; width: 16px; font-size: 16px; background-image: url(\'https://static.xx.fbcdn.net/images/emoji.php/v9/tb7/1/16/1f917.png\');\">🤗</span></span><span class=\"_5mfr\" style=\"margin: 0px 1px; font-family: Helvetica, Arial, sans-serif; color: #1c1e21;\"><span class=\"_6qdm\" style=\"background-repeat: no-repeat; background-size: contain; color: transparent; display: inline-block; text-shadow: none; vertical-align: text-bottom; font-family: inherit; height: 16px; width: 16px; font-size: 16px; background-image: url(\'https://static.xx.fbcdn.net/images/emoji.php/v9/t6b/1/16/1f696.png\');\">🚖</span></span></p>','posts/September2020/fQHjCPOfnMzddHS44qdj.png','გამოიძახეთ-ტაქსი-აპლიკაციიდან-მარტივად🚕','გამოიძახეთ ტაქსი აპლიკაციიდან მარტივად','გამოიძახეთ ტაქსი აპლიკაციიდან მარტივად','PUBLISHED',0,'2020-09-13 09:28:50','2020-09-13 09:30:12'),(17,'Davit Gakhokia',1,'ახალი სეზონიდან ახლი შემართებით 👐🚖','5 ბილეთი','ახალი სეზონიდან ახლი შემართებით 👐🚖','<p style=\"margin: 0px 0px 6px; font-family: Helvetica, Arial, sans-serif; color: #1c1e21;\">Fრიი TAXI გიბრუნდებათ ახალი სეზონიდან ახლი შემართებით&nbsp;<span class=\"_5mfr\" style=\"margin: 0px 1px; font-family: inherit;\"><span class=\"_6qdm\" style=\"background-repeat: no-repeat; background-size: contain; color: transparent; display: inline-block; text-shadow: none; vertical-align: text-bottom; font-family: inherit; height: 16px; width: 16px; font-size: 16px; background-image: url(\'https://static.xx.fbcdn.net/images/emoji.php/v9/t67/1/16/1f450.png\');\">👐</span></span><span class=\"_5mfr\" style=\"margin: 0px 1px; font-family: inherit;\"><span class=\"_6qdm\" style=\"background-repeat: no-repeat; background-size: contain; color: transparent; display: inline-block; text-shadow: none; vertical-align: text-bottom; font-family: inherit; height: 16px; width: 16px; font-size: 16px; background-image: url(\'https://static.xx.fbcdn.net/images/emoji.php/v9/t6b/1/16/1f696.png\');\">🚖</span></span></p>\r\n<p style=\"margin: 6px 0px; font-family: Helvetica, Arial, sans-serif; color: #1c1e21;\">სასწავლო წლის დაწყებასტან დაკავშირებით გთავაზობთ აქციებს, რომელიც მდგომარეობს შემდეგში :&nbsp;<span class=\"_5mfr\" style=\"margin: 0px 1px; font-family: inherit;\"><span class=\"_6qdm\" style=\"background-repeat: no-repeat; background-size: contain; color: transparent; display: inline-block; text-shadow: none; vertical-align: text-bottom; font-family: inherit; height: 16px; width: 16px; font-size: 16px; background-image: url(\'https://static.xx.fbcdn.net/images/emoji.php/v9/t4f/1/16/1f447.png\');\">👇</span></span><br />&bull; მგზავრთათვის საკუთარი ნიღბის ქონა არაა სავალდებულო<br />(რადგან პირბადეები ჩვენს ტაქსში დაგხვდებათ)<span class=\"text_exposed_show\" style=\"display: inline; font-family: inherit;\"><br />&bull; ყოველი მგზავრობისას მიიღე სასაჩუქრე ბილეთი ჩვენი მძღოლევისაგან,<br />დააგროვეთ 5 ბილეთი , შემდეგი მგზავრობისას კი ბილეთები გადაცვალე<br />მგზავრობის საფასურში&nbsp;<span class=\"_5mfr\" style=\"margin: 0px 1px; font-family: inherit;\"><span class=\"_6qdm\" style=\"background-repeat: no-repeat; background-size: contain; color: transparent; display: inline-block; text-shadow: none; vertical-align: text-bottom; font-family: inherit; height: 16px; width: 16px; font-size: 16px; background-image: url(\'https://static.xx.fbcdn.net/images/emoji.php/v9/td0/1/16/1f9fe.png\');\">🧾</span></span><span class=\"_5mfr\" style=\"margin: 0px 1px; font-family: inherit;\"><span class=\"_6qdm\" style=\"background-repeat: no-repeat; background-size: contain; color: transparent; display: inline-block; text-shadow: none; vertical-align: text-bottom; font-family: inherit; height: 16px; width: 16px; font-size: 16px; background-image: url(\'https://static.xx.fbcdn.net/images/emoji.php/v9/t61/1/16/270c.png\');\">✌️</span></span></span></p>','posts/September2020/fdGZk5ktyAKXFOGLipFc.png','ახალი-სეზონიდან-ახლი-შემართებით 👐🚖',NULL,'5 ბილეთი','PUBLISHED',0,'2020-09-13 09:32:01','2020-09-13 09:32:15'),(18,'Davit Gakhokia',1,'პირველ კურსელი \"პინგვინი 🐧','პირველ კურსელი \"პინგვინი 🐧','პირველ კურსელი \"პინგვინი 🐧','<p style=\"margin: 0px 0px 6px; font-family: Helvetica, Arial, sans-serif; color: #1c1e21;\">tw</p>\n<p style=\"margin: 0px 0px 6px; font-family: Helvetica, Arial, sans-serif; color: #1c1e21;\">ახლახანს ჩამოხვედი ქალაქში და ვერ ერკვები ქუჩებში ?<br />პირველ კურსელი \"პინგვინი&nbsp;<span class=\"_5mfr\" style=\"margin: 0px 1px; font-family: inherit;\"><span class=\"_6qdm\" style=\"background-repeat: no-repeat; background-size: contain; color: transparent; display: inline-block; text-shadow: none; vertical-align: text-bottom; font-family: inherit; height: 16px; width: 16px; font-size: 16px; background-image: url(\'https://static.xx.fbcdn.net/images/emoji.php/v9/t11/1/16/1f427.png\');\">🐧</span></span>\" ხარ ?&nbsp;<span class=\"_5mfr\" style=\"margin: 0px 1px; font-family: inherit;\"><span class=\"_6qdm\" style=\"background-repeat: no-repeat; background-size: contain; color: transparent; display: inline-block; text-shadow: none; vertical-align: text-bottom; font-family: inherit; height: 16px; width: 16px; font-size: 16px; background-image: url(\'https://static.xx.fbcdn.net/images/emoji.php/v9/tce/1/16/1f600.png\');\">😀</span></span><br />მაშინ სწორედ შენთვისაა ყველაზე ოპტმალური FრიიTAXI&nbsp;<span class=\"_5mfr\" style=\"margin: 0px 1px; font-family: inherit;\"><span class=\"_6qdm\" style=\"background-repeat: no-repeat; background-size: contain; color: transparent; display: inline-block; text-shadow: none; vertical-align: text-bottom; font-family: inherit; height: 16px; width: 16px; font-size: 16px; background-image: url(\'https://static.xx.fbcdn.net/images/emoji.php/v9/t6b/1/16/1f696.png\');\">🚖</span></span></p>\n<p style=\"margin: 6px 0px; font-family: Helvetica, Arial, sans-serif; color: #1c1e21;\"><span class=\"_5mfr\" style=\"margin: 0px 1px; font-family: inherit;\"><span class=\"_6qdm\" style=\"background-repeat: no-repeat; background-size: contain; color: transparent; display: inline-block; text-shadow: none; vertical-align: text-bottom; font-family: inherit; height: 16px; width: 16px; font-size: 16px; background-image: url(\'https://static.xx.fbcdn.net/images/emoji.php/v9/t61/1/16/270c.png\');\">✌️</span></span>მარტივად გადმოიძახე ტაქსი&nbsp;<span class=\"_5mfr\" style=\"margin: 0px 1px; font-family: inherit;\"><span class=\"_6qdm\" style=\"background-repeat: no-repeat; background-size: contain; color: transparent; display: inline-block; text-shadow: none; vertical-align: text-bottom; font-family: inherit; height: 16px; width: 16px; font-size: 16px; background-image: url(\'https://static.xx.fbcdn.net/images/emoji.php/v9/t6b/1/16/1f696.png\');\">🚖</span></span><span class=\"text_exposed_show\" style=\"display: inline; font-family: inherit;\"><br /><span class=\"_5mfr\" style=\"margin: 0px 1px; font-family: inherit;\"><span class=\"_6qdm\" style=\"background-repeat: no-repeat; background-size: contain; color: transparent; display: inline-block; text-shadow: none; vertical-align: text-bottom; font-family: inherit; height: 16px; width: 16px; font-size: 16px; background-image: url(\'https://static.xx.fbcdn.net/images/emoji.php/v9/t8d/1/16/2611.png\');\">☑️</span></span>&nbsp;აპლიკაციით<br /><span class=\"_5mfr\" style=\"margin: 0px 1px; font-family: inherit;\"><span class=\"_6qdm\" style=\"background-repeat: no-repeat; background-size: contain; color: transparent; display: inline-block; text-shadow: none; vertical-align: text-bottom; font-family: inherit; height: 16px; width: 16px; font-size: 16px; background-image: url(\'https://static.xx.fbcdn.net/images/emoji.php/v9/t8d/1/16/2611.png\');\">☑️</span></span>&nbsp;ტელეფონის ნომრით</span></p>\n<div class=\"text_exposed_show\" style=\"display: inline; font-family: Helvetica, Arial, sans-serif; color: #1c1e21;\">\n<p style=\"margin: 0px 0px 6px; font-family: inherit;\">დარეკე ნომერზე<br /><span class=\"_5mfr\" style=\"margin: 0px 1px; font-family: inherit;\"><span class=\"_6qdm\" style=\"background-repeat: no-repeat; background-size: contain; color: transparent; display: inline-block; text-shadow: none; vertical-align: text-bottom; font-family: inherit; height: 16px; width: 16px; font-size: 16px; background-image: url(\'https://static.xx.fbcdn.net/images/emoji.php/v9/t57/1/16/1f4f1.png\');\">📱</span></span>&nbsp;* 4040 ან გამოიყენეთ აოლიკაცია&nbsp;<span class=\"_5mfr\" style=\"margin: 0px 1px; font-family: inherit;\"><span class=\"_6qdm\" style=\"background-repeat: no-repeat; background-size: contain; color: transparent; display: inline-block; text-shadow: none; vertical-align: text-bottom; font-family: inherit; height: 16px; width: 16px; font-size: 16px; background-image: url(\'https://static.xx.fbcdn.net/images/emoji.php/v9/t61/1/16/270c.png\');\">✌️</span></span><br />აპლიცაკიის გადმოსაწერათ ეწვიეთ ჩვენს ვებ გვერდს&nbsp;<span class=\"_5mfr\" style=\"margin: 0px 1px; font-family: inherit;\"><span class=\"_6qdm\" style=\"background-repeat: no-repeat; background-size: contain; color: transparent; display: inline-block; text-shadow: none; vertical-align: text-bottom; font-family: inherit; height: 16px; width: 16px; font-size: 16px; background-image: url(\'https://static.xx.fbcdn.net/images/emoji.php/v9/t4f/1/16/1f447.png\');\">👇</span></span><br /><span class=\"_5mfr\" style=\"margin: 0px 1px; font-family: inherit;\"><span class=\"_6qdm\" style=\"background-repeat: no-repeat; background-size: contain; color: transparent; display: inline-block; text-shadow: none; vertical-align: text-bottom; font-family: inherit; height: 16px; width: 16px; font-size: 16px; background-image: url(\'https://static.xx.fbcdn.net/images/emoji.php/v9/taa/1/16/1f310.png\');\">🌐</span></span>&nbsp;<a style=\"color: #385898; cursor: pointer; text-decoration-line: none; font-family: inherit;\" href=\"https://l.facebook.com/l.php?u=http%3A%2F%2Fwww.freetaxi.ge%2F%3Ffbclid%3DIwAR2WSwkgK4CT1E7JxxRUpGPmPPgQVJX9mHnhmJyIvEx7Z-c0usHAvn-yakw&amp;h=AT2hi8lyY9hnfVBOn0dEne4MD6sII6MKQgxgHDFsh5vC2cxggChnm8zbrlDjg8t_NiQp3oj_DHjUO7Vx8Dw7bOFpjTPkceu28E-DJIx3o0TSb8iVSct5ob5sA2wrK2EBYPOQoXNpLJoHK-7GIVuDJ8g_vzAc2oxx5Rm3Y5FSLIbWuPsiup-RMusEUu0IouA4GmqTqDmM6bnE1Jy8Y3zadbe-J0rjSBg7XyVkel-KXMhPRZ9OlTCUAPm8Igack2fkNvUGSLYoeanP7mk_igQ7AaiuMY4Mez25MtbiFRcsLcQgeiBqbb7Vi6-tdU6HsaxpfvcmbCoG8MGTYGfhll4CReaZPEfbTbjm49VQfnDSS5cQ5SOuK2ELmUzpAbB7mCLTw651EPiNTtBmPt575lLtbqzHpw2mL0wTIMkJ4SkKeQuWvm617iAwAR9saUoxkRfIWUVHWEPqUDPkxw8esObTCLWC1N7KhSUizfn-E-ZXUdRoBDrMAH5dgh87aFp5aiRNM0Jy97a1kbxg-yn57kPEt-Id_iIHpyI2JMS96En7i6UvjOFa9bbn1-svec3zd7eXIZ57mr0eTVwxjABGTwXlLigmjiaz3rfTkGsdeOsMUYOAIw\" target=\"_blank\" rel=\"noopener nofollow\" data-ft=\"{&quot;tn&quot;:&quot;-U&quot;}\" data-lynx-mode=\"async\">www.freetaxi.ge</a>&nbsp;ან<br />ისარგებლეთ ბმულებით<br />Android:&nbsp;<span class=\"_5mfr\" style=\"margin: 0px 1px; font-family: inherit;\"><span class=\"_6qdm\" style=\"background-repeat: no-repeat; background-size: contain; color: transparent; display: inline-block; text-shadow: none; vertical-align: text-bottom; font-family: inherit; height: 16px; width: 16px; font-size: 16px; background-image: url(\'https://static.xx.fbcdn.net/images/emoji.php/v9/td8/1/16/1f4f2.png\');\">📲</span></span>&nbsp;<a style=\"color: #385898; cursor: pointer; text-decoration-line: none; font-family: inherit;\" href=\"https://rb.gy/fmigfc?fbclid=IwAR3K_44C28FSvC7EbYhmgIbhtflBGW8pdo8d7TiiM5R-orzbLHSkf3HdIjg\" target=\"_blank\" rel=\"noopener nofollow\" data-ft=\"{&quot;tn&quot;:&quot;-U&quot;}\" data-lynx-mode=\"async\" data-lynx-uri=\"https://l.facebook.com/l.php?u=https%3A%2F%2Frb.gy%2Ffmigfc%3Ffbclid%3DIwAR3K_44C28FSvC7EbYhmgIbhtflBGW8pdo8d7TiiM5R-orzbLHSkf3HdIjg&amp;h=AT1vk5yMzEhPx7Be5sN7SCq6i_2kif-T8B1J_badRJnlx-SZIf3oRpCSs8lHx0tTqbtBl7--TnAUaF3jH5cjfe8tCirVXh4Imu6KHLIDzBX82RhfLvjAMMkTVe6VkkJmR2txnkiX6pdONqTmVGbFSWvWwvWFb2QbC0AxBURWB8PTvD8hDz1opHrE-O6xu-DurJ7OrmctvAuiraojr8Vk2G3iX_jPie1HuRNqnUwEsFXtlk1Dlmju_WsJQcmnMTOgz0mCefnP-JvNafMRf0iMQX1Frrbu7e8x2sewkd2mVI242dDPs5J3_3gUKnyUh8UxH1DEpERvDJvw8Ea3lgdmoXNb2W3JOvV-mUzPHqV6cvbOFqz4GYz2hribE6MwHPysLbIdSrEjK9IiOGS6vu49miuBKmNtiHpfgz0aqBz6RnawUZ6EnyFwSI9ZG23n5aWRh8i0G7dh3_wrD_a_2nUK5ohD2F7iUwy_8No25fLtwgV3fVSrlWI3TZSxb3Bm7Xwxwxcxai8Xf6OQgY4vJ6goy_4XFEebg5ww1ITdXAFLymVOTCVS1IR1VwtDmP04w3gTXwIAkdEN45CftekTCdjAUFohaytuF-PgYDyq9pM\">https://rb.gy/fmigfc</a><br />IOS:&nbsp;<span class=\"_5mfr\" style=\"margin: 0px 1px; font-family: inherit;\"><span class=\"_6qdm\" style=\"background-repeat: no-repeat; background-size: contain; color: transparent; display: inline-block; text-shadow: none; vertical-align: text-bottom; font-family: inherit; height: 16px; width: 16px; font-size: 16px; background-image: url(\'https://static.xx.fbcdn.net/images/emoji.php/v9/td8/1/16/1f4f2.png\');\">📲</span></span>&nbsp;<a style=\"color: #385898; cursor: pointer; text-decoration-line: none; font-family: inherit;\" href=\"https://rb.gy/ppbckf?fbclid=IwAR0Pg2LVvXGBRpfBDdveQcQOni96rGNDBBoXRfPKgrXkCtG_ueaYI2NpEzc\" target=\"_blank\" rel=\"noopener nofollow\" data-ft=\"{&quot;tn&quot;:&quot;-U&quot;}\" data-lynx-mode=\"async\" data-lynx-uri=\"https://l.facebook.com/l.php?u=https%3A%2F%2Frb.gy%2Fppbckf%3Ffbclid%3DIwAR0Pg2LVvXGBRpfBDdveQcQOni96rGNDBBoXRfPKgrXkCtG_ueaYI2NpEzc&amp;h=AT0JvFY2BMTHKvB2XSOCVWbyGiwBT4xBRRDURWaWezS8_yGfIEku0NgOhGR1drL8P8x0MGWrR2VhkGbXrVyEEQcfUnYgqEX29ixQ47has5e4yhiuaU8OrlNpFsk-e97F2LJa-Rg6pUNSVugGL3HZx1SNfBu6iG_okTGk1dhTykcqpf_dqBpS2Pod7rGkwoTJUj8UQydx88gyR3BJCsyvjb9fevffFrCq0HEffuBUmDiXR6UBdsIoE4VV3yGlRo-JZ5sw90AOXRSXr3Mpf2bAo2-La1LPK5UFNaO8TLaxejmQ_bX-IIaKL8HJtyxs8DJvi9ugGmY95qbBrd3Dpp9ovEsh8nDENgMelwRzq5eAJEuXwvPwMmqt81ypWJjB-gcAHHpCd4CwzwxP_PCiOdZ4Eqiupt9ZuCBWVfx0wOUVAYqFCoFuQO7ehMA27rkUEyg9c3aYgPvhEWJCwRj6Cxfq-Yl3MTHtBTHWwyyCKA2GZeZJWN827GFPBb3tUEKXptrncK6MVBI5H_pGKy-Oxu-2LMSDFoPOddKfRGNPCr7Kon6rrZkz-YimZcdtGmGG6n2cIYdroNBM6jEmXNeR5i3xLjAL5fFvawtCKaFD0LI\">https://rb.gy/ppbckf</a></p>\n<p style=\"margin: 6px 0px; font-family: inherit;\"><a class=\"_58cn\" style=\"color: #385898; cursor: pointer; text-decoration-line: none; font-family: inherit;\" href=\"https://www.facebook.com/hashtag/%E1%83%98%E1%83%9B%E1%83%92%E1%83%96%E1%83%90%E1%83%95%E1%83%A0%E1%83%94%E1%83%99%E1%83%9D%E1%83%9B%E1%83%A4%E1%83%9D%E1%83%A0%E1%83%A2%E1%83%A3%E1%83%9A%E1%83%90%E1%83%93?__eep__=6&amp;source=feed_text&amp;epa=HASHTAG&amp;__xts__%5B0%5D=68.ARAlaK3eSu1HN_LU80eCJqGEQaRpoyr_bsTvzx8KQQBKLvFLyBK5sa4dgnoAfOQAsDLDShU2LOehLL8PTv8j8U9wW_tg_NXp_Cl2PZeH4avBXQZQFak4dCmGtVhZV3I8paguAtF9U32oNEJog1AGs243P4bYhvsOwThcnXlbZnvw0z-V2WD6PLpyoE6PQazDQsq7T0sJ0i2dGvKqdauuCX8jqEYeaMJghXVDXg5m4R96gCLUpLF9mw9l2fS9NHmVBWUPft35eQcEp5r8d6q3yYE8BWyZ4Vpjd86MZNrrBO-kXRVKAJ4H_FskyNxY6EQhHXs&amp;__tn__=%2ANK-R-R\" data-ft=\"{&quot;type&quot;:104,&quot;tn&quot;:&quot;*N&quot;}\"><span class=\"_5afx\" style=\"direction: ltr; unicode-bidi: isolate; font-family: inherit;\"><span class=\"_58cl _5afz\" style=\"unicode-bidi: isolate; color: #365899; font-family: inherit;\" aria-label=\"hashtag\">#</span><span class=\"_58cm\" style=\"font-family: inherit;\">იმგზავრეკომფორტულად</span></span></a><br /><a class=\"_58cn\" style=\"color: #385898; cursor: pointer; text-decoration-line: none; font-family: inherit;\" href=\"https://www.facebook.com/hashtag/freetaxi?__eep__=6&amp;source=feed_text&amp;epa=HASHTAG&amp;__xts__%5B0%5D=68.ARAlaK3eSu1HN_LU80eCJqGEQaRpoyr_bsTvzx8KQQBKLvFLyBK5sa4dgnoAfOQAsDLDShU2LOehLL8PTv8j8U9wW_tg_NXp_Cl2PZeH4avBXQZQFak4dCmGtVhZV3I8paguAtF9U32oNEJog1AGs243P4bYhvsOwThcnXlbZnvw0z-V2WD6PLpyoE6PQazDQsq7T0sJ0i2dGvKqdauuCX8jqEYeaMJghXVDXg5m4R96gCLUpLF9mw9l2fS9NHmVBWUPft35eQcEp5r8d6q3yYE8BWyZ4Vpjd86MZNrrBO-kXRVKAJ4H_FskyNxY6EQhHXs&amp;__tn__=%2ANK-R-R\" data-ft=\"{&quot;type&quot;:104,&quot;tn&quot;:&quot;*N&quot;}\"><span class=\"_5afx\" style=\"direction: ltr; unicode-bidi: isolate; font-family: inherit;\"><span class=\"_58cl _5afz\" style=\"unicode-bidi: isolate; color: #365899; font-family: inherit;\" aria-label=\"hashtag\">#</span><span class=\"_58cm\" style=\"font-family: inherit;\">freetaxi</span></span></a><br /><a class=\"_58cn\" style=\"color: #385898; cursor: pointer; text-decoration-line: none; font-family: inherit;\" href=\"https://www.facebook.com/hashtag/f%E1%83%A0%E1%83%98%E1%83%98taxi?__eep__=6&amp;source=feed_text&amp;epa=HASHTAG&amp;__xts__%5B0%5D=68.ARAlaK3eSu1HN_LU80eCJqGEQaRpoyr_bsTvzx8KQQBKLvFLyBK5sa4dgnoAfOQAsDLDShU2LOehLL8PTv8j8U9wW_tg_NXp_Cl2PZeH4avBXQZQFak4dCmGtVhZV3I8paguAtF9U32oNEJog1AGs243P4bYhvsOwThcnXlbZnvw0z-V2WD6PLpyoE6PQazDQsq7T0sJ0i2dGvKqdauuCX8jqEYeaMJghXVDXg5m4R96gCLUpLF9mw9l2fS9NHmVBWUPft35eQcEp5r8d6q3yYE8BWyZ4Vpjd86MZNrrBO-kXRVKAJ4H_FskyNxY6EQhHXs&amp;__tn__=%2ANK-R-R\" data-ft=\"{&quot;type&quot;:104,&quot;tn&quot;:&quot;*N&quot;}\"><span class=\"_5afx\" style=\"direction: ltr; unicode-bidi: isolate; font-family: inherit;\"><span class=\"_58cl _5afz\" style=\"unicode-bidi: isolate; color: #365899; font-family: inherit;\" aria-label=\"hashtag\">#</span><span class=\"_58cm\" style=\"font-family: inherit;\">FრიიTAXI</span></span></a></p>\n</div>','posts/September2020/qKNa4sbq1fTz3NsTcvo4.png','პირველ-კურსელი-\"პინგვინი🐧','პირველ კურსელი \"პინგვინი 🐧','პირველ კურსელი \"პინგვინი 🐧','PUBLISHED',0,'2020-09-18 04:41:58','2020-11-05 22:19:38');
/*!40000 ALTER TABLE `posts` ENABLE KEYS */;
UNLOCK TABLES;

--
-- Table structure for table `roles`
--

DROP TABLE IF EXISTS `roles`;
/*!40101 SET @saved_cs_client     = @@character_set_client */;
/*!40101 SET character_set_client = utf8 */;
CREATE TABLE `roles` (
  `id` bigint(20) unsigned NOT NULL AUTO_INCREMENT,
  `name` varchar(191) COLLATE utf8mb4_unicode_ci NOT NULL,
  `display_name` varchar(191) COLLATE utf8mb4_unicode_ci NOT NULL,
  `created_at` timestamp NULL DEFAULT NULL,
  `updated_at` timestamp NULL DEFAULT NULL,
  PRIMARY KEY (`id`),
  UNIQUE KEY `roles_name_unique` (`name`)
) ENGINE=InnoDB AUTO_INCREMENT=3 DEFAULT CHARSET=utf8mb4 COLLATE=utf8mb4_unicode_ci;
/*!40101 SET character_set_client = @saved_cs_client */;

--
-- Dumping data for table `roles`
--

LOCK TABLES `roles` WRITE;
/*!40000 ALTER TABLE `roles` DISABLE KEYS */;
INSERT INTO `roles` (`id`, `name`, `display_name`, `created_at`, `updated_at`) VALUES (1,'admin','Administrator','2020-04-04 13:26:03','2020-04-04 13:26:03'),(2,'user','Normal User','2020-04-04 13:26:03','2020-04-04 13:26:03');
/*!40000 ALTER TABLE `roles` ENABLE KEYS */;
UNLOCK TABLES;

--
-- Table structure for table `settings`
--

DROP TABLE IF EXISTS `settings`;
/*!40101 SET @saved_cs_client     = @@character_set_client */;
/*!40101 SET character_set_client = utf8 */;
CREATE TABLE `settings` (
  `id` int(10) unsigned NOT NULL AUTO_INCREMENT,
  `key` varchar(191) COLLATE utf8mb4_unicode_ci NOT NULL,
  `display_name` varchar(191) COLLATE utf8mb4_unicode_ci NOT NULL,
  `value` text COLLATE utf8mb4_unicode_ci DEFAULT NULL,
  `details` text COLLATE utf8mb4_unicode_ci DEFAULT NULL,
  `type` varchar(191) COLLATE utf8mb4_unicode_ci NOT NULL,
  `order` int(11) NOT NULL DEFAULT 1,
  `group` varchar(191) COLLATE utf8mb4_unicode_ci DEFAULT NULL,
  PRIMARY KEY (`id`),
  UNIQUE KEY `settings_key_unique` (`key`)
) ENGINE=InnoDB AUTO_INCREMENT=39 DEFAULT CHARSET=utf8mb4 COLLATE=utf8mb4_unicode_ci;
/*!40101 SET character_set_client = @saved_cs_client */;

--
-- Dumping data for table `settings`
--

LOCK TABLES `settings` WRITE;
/*!40000 ALTER TABLE `settings` DISABLE KEYS */;
INSERT INTO `settings` (`id`, `key`, `display_name`, `value`, `details`, `type`, `order`, `group`) VALUES (1,'site.title','Site Title','Taxi Free','','text',1,'Site'),(2,'site.description','Site Description','FREE TAXI არის ტაქსის გამოძახების აპლიკაცია,      რომელიც გამოიყენება თქვენი კომფორტისთვის.      FREE TAXI-ს გამოძახება შესაძლებელია 24/7.      შეგიძლიათ იხილოთ თქვენი მგზავრობის ფასი შეკვეთის გაფორმებამდე.','','text',2,'Site'),(3,'site.logo','Site Logo','settings/October2020/GzEt2CS2pGMduXrrJxop.png','','image',3,'Site'),(4,'site.google_analytics_tracking_id','Google Analytics Tracking ID','G-5CBFX1N3VX','','text',4,'Site'),(5,'admin.bg_image','Admin Background Image','settings/May2020/dAIBiUIEvdhyW1sBvreg.jpg','','image',5,'Admin'),(6,'admin.title','Admin Title','Taxi Free','','text',1,'Admin'),(7,'admin.description','Admin Description','Welcome to Fრიი TAXI','','text',2,'Admin'),(8,'admin.loader','Admin Loader','settings\\April2020\\ANePGRg7K6sIh8IDzi4z.png','','image',3,'Admin'),(9,'admin.icon_image','Admin Icon Image','settings\\April2020\\W21qTVUrbIo9Dzr9bMIe.png','','image',4,'Admin'),(10,'admin.google_analytics_client_id','Google Analytics Client ID (used for admin dashboard)',NULL,'','text',1,'Admin'),(12,'site.About_Us','About US','<p><strong>FREE TAXI</strong> არის ტაქსის გამოძახების აპლიკაცია, რომელიც გამოიყენება თქვენი კომფორტისთვის. FREE TAXI-ს გამოძახება შესაძლებელია 24/7. შეგიძლიათ იხილოთ თქვენი მგზავრობის ფასი შეკვეთის გაფორმებამდე. ჩვენი მისიაა თქვენი უსაფრთხო და კომფორტული მგზავრობა.<br />ნაღდი და უნაღდო ანგარიშსწორება.<br />შეღავათიანი ფასები კომფორტული მგზავრობისთვის.<br />უსაფრთხო და სანდო.</p>',NULL,'rich_text_box',6,'Site'),(13,'site.privacy_policy','Privacy-Policy','<p>მონაცემთა კონფიდენციალობის შესახებ განცხადება შპს 20-20 (ს/კ 445575627) FREE TAXI აპლიკაციის მფლობელი ბოლო განახლების თარიღი: 2020 წლის 23.04.2020<br />_______________________________________________________________________________________________________________&nbsp;</p>\r\n<p>შპს 20-20, როგორც FREE TAXI აპლიკაციის მფლობელი (შემდგომში - \"კომპანია\" ან \"ჩვენ\"), როგორც მონაცემთა დაცვაზე პასუხისმგებელი პირი (\"მაკონტროლებელი\"), ვალდებულია განსაკუთრებული სიფრთხილით მართოს მომხმარებლის მონაცემები და სისტემატიურად დაიცვას ისინი. ასევე, მიაწოდოს მომხმარებელს გამჭვირვალე და ამომწურავი ინფორმაცია, განსაკუთრებით მონაცემთა შეგროვების და გამოყენების თაობაზე. მონაცემთა დაცვის წინამდებარე განცხადებაში განმარტებულია, თუ რომელი მონაცემები შეგროვდება FREE TAXI აპლიკაციის გამოყენების ფარგლებში და რა მიზნით დამუშავდება და შეინახება იგი. მომხმარებელთა ინფორმირების მიზნით აღსანიშნავია, რომ აპლიკაცია FREE TAXI-ით სარგებლობა ასევე შესაძლებელია მასში რეგისტრაციისა და პერსონალური მონაცემების გამჟღავნების გარეშე. თუ გსურთ თქვენი ანგარიშის მოგვიანებით წაშლა, ამის განხორციელება შეგიძლიათ ნებისმიერ დროს, პროგრამის წაშლის გზით. თქვენი სმარტფონიდან აპლიკაციის წაშლით იშლება ჩვენთან არსებული ყველა ინფორმაცია. შეგიძლიათ ნებისმიერ დროს მოითხოვოთ ინფორმაცია თქვენ შესახებ შენახულ მონაცემებთან დაკავშირებით, გაქვთ უფლება მოითხოვოთ თქვენი მონაცემების კორექტირება ან წაშლა. შეიძლება, ასევე, გქონდეთ უფლება შეზღუდოთ თქვენი მონაცემების დამუშავება, გააპროტესტოთ იგი და თქვენს მიერ მოწოდებული მონაცემები მიიღოთ სტრუქტურირებულ, გასაგებ და წაკითხვად ფორმატში. თუ გაქვთ რაიმე შეკითხვები, გთხოვთ, დაუკავშირდეთ ჩვენს მონაცემთა დაცვის ოფიცერს: შპს 20-20-ის იურისტი სოფიო ქურთაული ელექტრონული ფოსტა: mytaxi2020mytaxi@gmail.com გარდა ამისა, თქვენ გაქვთ უფლება საჩივარით მიმართოთ სახელმწიფო ინსპექტორის სამსახურს (მის.: თბილისი, ნ. ვაჩნაძის №7)<br />_______________________________________________________________________________________________________________&nbsp;</p>\r\n<h3>ზოგადი დებულებები</h3>\r\n<p>წინამდებარე განცხადებაში მოცემულ განმარტებებს აქვთ შემდეგი მნიშვნელობა: 1. <strong>პერსონალური მონაცემი</strong> - მონაცემი, რომელიც პირდაპირ ან არაპირდაპირ იძლევა პიროვნების იდენტიფიცირების შესაძლებლობას; 2. შპს 20-20 - FREE TAXI აპლიკაციის კანონიერი მფლობელი, მონაცემთა მაკონტროლებელი, რომელიც პასუხისმგებელია პერსონალურ მონაცემთა ამ განცხადებაში მითითებული მიზნით დამუშავებაზე; 3. მობილური აპლიკაცია - FREE TAXI აპლიკაცია, რომელიც მომხმარებელმა დააინსტალირა თავის მობილურ მოწყობილობაში (iOS, Android, Windows Phone) და რომელიც ავტომატურად ამუშავებს მომხმარებლის მიერ მობლურ აპლიკაციაში შექმნილ შეკვეთებს; 4. სერვისები - ინფორმაციული ხასიათის სერვისები, რაც შეეხება მომხმარებლის შეკვეთის მიღებას, დამუშავებას და გადაცემას მძღოლისათვის/პარტნიორისათვის, რათა შესრულდეს შეკვეთა; 5. მომხმარებელი - პირი, რომელიც ჩვენი ვეგბვერდის (www.freetaxi.ge), მობილური აპლიკაციის ან სატელეფონო ზარის მეშვეობით (+995) 577 417-517 ჩვენ გვიკვეთავს ტაქსით გადაადგილების მომსახურებას და ამ მიზნით გვაწვდის შესაბამის პერსონალურ მონაცემს; 6. ტაქსით გადაადგილების მომსახურება - მომხმარებლის მიერ ჩვენი ვეგბვერდის (www.freetaxi.ge), მობილური აპლიკაციის ან სატელეფონო ზარის მეშვეობით (+995) 577 417-517 განხორციელებული შეკვეთისას მის მიერ მითითებული ადგილმდებარეობიდან დანიშნულების ადგილამდე მისვლისას გაწეული მომსახურება; 7. პარტნიორი/მძღოლი - ჩვენი თანამშრომელი ან პარტნიორი მძღოლი, რომელსაც გადაეცემა თქვენი შეკვეთა შესასრულებლად; 8. შეკვეთა - მომხმარებლის მიერ შექმნილი შეკვეთა მისი გადაადგილების უზრუნველყოფის შესახებ; 9. მონაცემთა დამუშავება - ავტომატური, ნახევრად ავტომატური ან არაავტომატური საშუალებების გამოყენებით მონაცემთა მიმართ შესრულებული ნებისმიერი მოქმედება, კერძოდ, შეგროვება, შენახვა, დაბლოკვა, წაშლა ან განადგურება; 10. ქუქი ჩანაწერები - მონაცემი, რომელიც გაეგზავნა მომხმარებელს ვებგვერდიდან და შენახულია მომხმარებლის კომპიუტერში, მობილურში ან სხვა მოწყობილობაშ, რომლითაც მომხმარებელი ესტუმრა ვებგვერდს. ქუქი ინახავს მონაცემებს მომხმარებლის მიერ ვებგვერდზე განხორციელებული მოქმედებების შესახებ; 10. მოწყობილობის იდენტიფიკატორი - უნიკალური მონაცემი, რომელიც იძლევა მომხმარებლის იმ მოწყობილობის იდენტიფიცირების შესაძლებლობას, რომელზეც დაინსტალირდა მობილური აპლიკაცია. მნიშვნელოვანი განმარტება: მომხმარებელი ეთანხმება წინამდებარე განცხადების დებულებებს, მათ შორის, იგი გასცემს თანხმობას წინამდებარე განცხადებაში მითითებული პერსონალური მონაცემების დამუშავების შესახებ.</p>\r\n<h3>ინფორმაციის დამუშავების მიზნები</h3>\r\n<h3>რეგისტრაცია, ხელშეკრულებების მართვა</h3>\r\n<p>პროგრამის გამოყენებისათვის რეგისტრაცია საჭირო არ არის. ჩვენ უზრუნველვყოფთ მომხმარებლის ანონიმური ID-ის გენერირებას, რათა დადასტურდეს თქვენ მიერ სისტემაში ყოფნა. აპლიკაციის გამოყენების შესახებ აპლიკაცია აგროვებს და ინახავს თქვენ მიერ ტაქსის გამოძახების მომსახურებისას მითითებულ მიმართულებებს თქვენი ადგილმდებარეობისა და გადაადგილების შესახებ (ე.წ გეოლოკაციური მონაცემი). აღნიშნული მონაცემი გროვდება და ინახება მხოლოდ იმ დროს, როდესაც თქვენ იყენებთ FREE TAXI მობილურ აპლიკაციას. ტაქსის გამოძახებისას თქვენი ადგილმდებარეობისა და გადაადგილების შესახებ მონაცემი გადაეცემა ჩვენს მძღოლს/პარტნიორს, რომელიც უზრუნველყოფს თქვენი შეკვეთის შესრულებას. ჩვენ ვაგროვებთ და ვინახავთ თქვენ შესახებ შემდეგ მონაცემებს: &bull; გეოლოკაციური მონაცემები &bull; ტელეფონის ნომერი &bull; მომხმარებლის ID საბანკო ბარათით გადახდის წარმოების შესახებ თქვენ უფლება გაქვთ ჩვენი მომსახურებით სარგებლობისას ისარგებლოთ უნაღდო ანგარიშსწორების სისტემით. ამისათვის თქვენ მომსახურების საფასურის გადახდის უნაღდო ანგარიშსწორებით არჩევისას შეგყავთ შემდეგი მონაცემები: &bull; საბანკო ბარათის ნომერი &bull; საბანკო ბარათის მოქმედების ვადა &bull; ბარათის მფლობელის სახელი და გვარი &bull; ბარათის უსაფრთხოების კოდი (CVC ან სხვა, რომელიც დატანილია თქვენი ბარათის უკანა მხარესდა არის სამნიშნა) საბანკო ბარათით გადახდა წარმოებს საერთაშორისო საგადახდო სისტემების წესების შესაბამისად გადახდის კონფიდენციალობისა და ბარათის დაცვის უზრუნველყოფის გარანტიით. საბანკო ბარათის მონაცემების მიწოდება მომხმარებლის მიერ ხდება უშუალოდ ბანკის მიერ უზრუნველყოფილ დამოუკიდებელ, დაცულ საგადახდო გვერდზე, რომელზე წვდომა არ აქვს და ვერ ექნება შპს 20-20-ს ან მის მძღოლს/პარტნიორს ან შპს 20-20-თან დაკავშირებულ პირს. ქუქი ჩანაწერები FREE TAXI-ს მიერ შესაძლოა გამოყენებულ იქნას შემდეგი სახის ქუქი ჩანაწერები: 1. მკაცრად განსაზღვრული ქუქი ჩანაწერები: ეს ქუქი ჩანაწერები ემსახურება ვებგვერდის ნავიგაციას და მომხმარებლის მიერ მოთხოვნილ სერვისებს. ქუქის ამგვარი ჩანაწერები გამოიყენება მაშინ, როდესაც მომხმარებელი რეგისტრირდება და შედის (log in) ვებგვერდზე. ამგვარი ქუქი ჩანაწერების გამოყენების გარეშე, შეუძლებელია ვებგვერდის გამართული ფუნქციონირება. 2. საოპერაციო ქუქი ჩანაწერები: ამგვარი ქუქი ჩანაწერები აგროვებს სტატისტიკურ მონაცემებს ვებგვერდიდან პერსონალური მონაცემების იდენტიფიცირების გარეშე. ამგვარი მონაცემები გროვდება მხოლოდ სტატისტიკური მიზნებისათვის და არის ანინიმური. ქუქი ჩანაწერების მიზანს წარმოადგენს: ვებგვერდის გამოყენების შესახებ სტატისტიკის წარმოება, სარეკლამო კამპანიების ეფექტიანობის შეფასება. 3. ფუნქციონალური ქუქი ჩანაწერები: განკუთვნილია მომხმარებლის მიერ მოწოდებული ინფორმაციისათვის (როგორიცაა მომხმარებლის სახელი (username), ენა, ადგილმდებარეობა). აღნიშნული ჩანაწერები არის კონფიდენციალური და არ აგროვებს მომხმარებლის მიერ სხვა ვებგვერდებზე შესრულებულ მოქმედებებს. ქუქი ჩანაწერების მიზანია შაინახოს ინფორმაცია მომხმარებლის მიერ მომსახურებით სარგებლობის შესახებ, გააუმჯობესოს მომხმარებლის მიერ ვებგვერდის მოხმარება მომხმარებლის მიერ მითითებული მონაცემების დამახსოვრების გზით. 4. სარეკლამო ქუქი ჩანაწერები: მესამე პირების მიერ ვებგვერდზე რეკლამის განთავსების ეფექტიანობის შემოწმების საშუალება. თქვენ შეგიძლიათ დაეთანხმოთ, ნაიწლობრივ დაეთანხმოთ ან არ დაეთანხმოთ ჩვენს ვებგვერდე განთვსებულ ქუქი ჩანაწერებს. სავალდებულ ქუქი ჩანაწერებზე თანხმობის არარსებობის შემთხვევაში, ვებგვერდით შესაძლოა ისარგებლოთ შეზღუდულად. მოწყობილობის იდენტიფიკატორი მონაცემი რომლითაც ხდება მომხმარებლის მოწყობილობის იდენტიფიკაცია არ შეიცავს მომხმარებლის შესახებ პერსონალურ მონაცემებს. ამგვარი მონაცემის შეგროვების მიზანია მობილური აპლიკაციის მოსარგებლეთა დათვლა შიდა გამოყენების მიზნებისათვის. ამასთან, აღნიშნული იძლევა შესაძლებლობას მომხმარებელს შეეთავაზოს აპლიკაციის განახლება. მონაცემთა მოცულობა და მათი შენახვის ვადა მომხმარებლის მიერ FREE TAXI-ით სარგებლობისას გროვდება და ინახება მომხმარებლის ტაქსით გადაადგილების ჩანაწერები, როგორიცაა: შეკვეთის შექმნის დრო, ადგილმდებარეობა და მიმართულება, მარშრუტი, მძღოლის/პარტნიორის მანქანის ნომერი, გამოძახებაზე მისვლის დრო, შეკვეთის ტარიფი, გადახდის მეთოდი. აღნიშნული მონაცემები მობილურ აპლიკაციაში ინახება აპლიკაციით სარგებლობის ვადით, რათა მომხმარებელს ჰქონდეს სრული ინფორმაცია მის მიერ აპლიკაციით სარგებლობის სრული ციკლის შესახებ. გარდა აღნიშნულისა, ამგვარი ინფორმაციის შენახვის მიზანს ასევე წარმოადგენს მომსახურების გაუმჯობესება, რითაც იზოგება მომხმარებლის და ჩვენი დრო. იმ შემთხვევაში, თუ მომხმარებელს სურს ინფორმაციის დაკორექტირება ან წაშლა, აუცილებელია მოგვმართოს წერილობით. მომხმარებლის განცხადება განიხილება მონაცემთა დამუშავების წესების მოთხოვნის უფლება, გასაჩივრების უფლებაში მოცემული წესების დაცვით. მონაცემთა დამუშავების წესების მოთხოვნის უფლება, გასაჩივრების უფლება თქვენ უფლება გაქვთ მოითხოვოთ თქვენ შესახებ შენახული მონაცემების კორექტირება ან წაშლა, გარკვეულ შემთხვევებში - შეზღუდოთ მონაცემების დამუშავება. ამისათვის მოგვმართავთ შპს 20-20-ს წინამდებარე განცხადებაში მითითებულ ელექტრონულ ფოსტაზე შესაბამისი მოთხოვნით. შპს 20-20 სწავლობს მომხმარებლის მოთხოვნას 30 კალენდარული დღის ვადაში და ამზადებს შესაბამის დასაბუთებულ პასუხს მომხმარებლის იმავე ელექტრონულ ფოსტაზე, საიდანაც მოხდა მოთხოვნის გაგზავნა შპს 20-20-ისთვის. თქვენ უფლება გაქვთ ნებისმიერ დროს, კონკრეტულ შემთხვევასთან დაკავშირებით, გაასაჩივროთ თქვენი პერსონალური მონაცემების დამუშავება, &bdquo;პერსონალურ მონაცემთა დაცვის შესახებ&ldquo; საქართველოს კანონის შესაბამისად. თქვენი საჩივრის შემთხვევაში, ჩვენ აღარ დავამუშავებთ თქვენს პერსონალურ მონაცემებს, გარდა იმ შემთხვევისა თუ არსებობს ისეთი მიზეზი, რომელიც აბათილებს თქვენს ინტერესებს, უფლებებსა და თავისუფლებას.</p>',NULL,'rich_text_box',7,'Site'),(15,'footer.email','email','info@freetaxi.ge',NULL,'text',9,'Footer'),(16,'footer.phone','phone','*4040',NULL,'text',10,'Footer'),(17,'footer.address','address','საქართველო , ბათუმი',NULL,'text',11,'Footer'),(18,'footer.facebook','facebook','https://www.facebook.com/freetaxi.ge/',NULL,'text',12,'Footer'),(19,'footer.instagram','instagram','https://www.instagram.com/freetaxi.ge/',NULL,'text',13,'Footer'),(20,'footer.linkedin','linkedin','https://www.linkedin.com/company/f%E1%83%A0%E1%83%98%E1%83%98-taxi/',NULL,'text',14,'Footer'),(21,'footer.youtube','youtube',NULL,NULL,'text',15,'Footer'),(23,'footer.about','about','FREE TAXI არის ტაქსის გამოძახების აპლიკაცია, რომელიც გამოიყენება თქვენი კომფორტისთვის. FREE TAXI_ს გამოძახება შესაძლებელია 24/7. შეგიძლიათ იხილოთ თქვენი მგზავრობის ფასი შეკვეთის გაფორმებამდე.',NULL,'text_area',16,'Footer'),(24,'contact.email','Email','info@freetaxi.ge',NULL,'text',17,'Contact'),(25,'contact.phone','Phone','*4040',NULL,'text',18,'Contact'),(26,'contact.address','Address',NULL,NULL,'text',19,'Contact'),(27,'footer.image','Image','settings/October2020/1O1YWJ6EYYWElpMrgXmG.png',NULL,'image',20,'Footer'),(28,'slider.image1','image 1','settings/October2020/TcjoN0xBo4NSdR6ofyNe.jpg',NULL,'image',21,'Slider'),(29,'slider.text1','Text 1','#იმგზავრეკომფორტულად',NULL,'text',24,'Slider'),(31,'slider.text2','Text 2','#იმგზავრეუსაფრთხოთ',NULL,'text',26,'Slider'),(32,'slider.img2','image 2','settings/October2020/MT6fkx9cIn3IL6CP5VYN.jpg',NULL,'image',27,'Slider'),(33,'slider.title1','Title 1','იაფი და კომფორტული',NULL,'text',22,'Slider'),(34,'slider.title2','Title 2','სუფთა და დაცული',NULL,'text',25,'Slider'),(35,'banner.Post_Banner1','Post_Banner1','settings/October2020/GxqkZPAbC59N2yBQFzu8.jpg',NULL,'image',28,'Banner'),(36,'banner.Post_Banner1_url','Post_Banner1_URL','https://diem.ge/web-development',NULL,'text',29,'Banner'),(37,'head.FacebookPixel','Facebook Pixel','<!-- Facebook Pixel Code -->\r\n<script>\r\n  !function(f,b,e,v,n,t,s)\r\n  {if(f.fbq)return;n=f.fbq=function(){n.callMethod?\r\n  n.callMethod.apply(n,arguments):n.queue.push(arguments)};\r\n  if(!f._fbq)f._fbq=n;n.push=n;n.loaded=!0;n.version=\'2.0\';\r\n  n.queue=[];t=b.createElement(e);t.async=!0;\r\n  t.src=v;s=b.getElementsByTagName(e)[0];\r\n  s.parentNode.insertBefore(t,s)}(window, document,\'script\',\r\n  \'https://connect.facebook.net/en_US/fbevents.js\');\r\n  fbq(\'init\', \'373729473676127\');\r\n  fbq(\'track\', \'PageView\');\r\n</script>\r\n<noscript>\r\n<img height=\"1\" width=\"1\" style=\"display:none\"\r\n  src=\"https://www.facebook.com/tr?id=373729473676127&ev=PageView&noscript=1\"/>\r\n</noscript>\r\n<!-- End Facebook Pixel Code -->',NULL,'text_area',30,'Head'),(38,'head.GoogleAnalytics','Google Analytics',NULL,NULL,'text_area',31,'Head');
/*!40000 ALTER TABLE `settings` ENABLE KEYS */;
UNLOCK TABLES;

--
-- Table structure for table `taxis`
--

DROP TABLE IF EXISTS `taxis`;
/*!40101 SET @saved_cs_client     = @@character_set_client */;
/*!40101 SET character_set_client = utf8 */;
CREATE TABLE `taxis` (
  `id` int(10) unsigned NOT NULL AUTO_INCREMENT,
  `brand` varchar(255) COLLATE utf8mb4_unicode_ci DEFAULT NULL,
  `model` varchar(255) COLLATE utf8mb4_unicode_ci DEFAULT NULL,
  `base_rate` varchar(255) COLLATE utf8mb4_unicode_ci DEFAULT NULL,
  `per_mile` varchar(255) COLLATE utf8mb4_unicode_ci DEFAULT NULL,
  `passengers` varchar(255) COLLATE utf8mb4_unicode_ci DEFAULT NULL,
  `luggage` varchar(255) COLLATE utf8mb4_unicode_ci DEFAULT NULL,
  `image` varchar(255) COLLATE utf8mb4_unicode_ci DEFAULT NULL,
  `brand_logo` varchar(255) COLLATE utf8mb4_unicode_ci DEFAULT NULL,
  `taxi_type` varchar(255) COLLATE utf8mb4_unicode_ci DEFAULT NULL,
  `created_at` timestamp NULL DEFAULT NULL,
  `updated_at` timestamp NULL DEFAULT NULL,
  PRIMARY KEY (`id`)
) ENGINE=InnoDB AUTO_INCREMENT=6 DEFAULT CHARSET=utf8mb4 COLLATE=utf8mb4_unicode_ci;
/*!40101 SET character_set_client = @saved_cs_client */;

--
-- Dumping data for table `taxis`
--

LOCK TABLES `taxis` WRITE;
/*!40000 ALTER TABLE `taxis` DISABLE KEYS */;
INSERT INTO `taxis` (`id`, `brand`, `model`, `base_rate`, `per_mile`, `passengers`, `luggage`, `image`, `brand_logo`, `taxi_type`, `created_at`, `updated_at`) VALUES (1,'Toyota','Prius','1.5','0.6','3','3','taxis/May2020/9YU9eevDigjeha1768Oz.jpeg','toyota','hybrid','2020-04-11 19:00:00','2020-05-08 19:04:13'),(2,'Ford','Fusion','2','0.8','3','2','taxis\\April2020\\fusion.jpeg',NULL,'suv',NULL,'2020-05-08 18:45:05');
/*!40000 ALTER TABLE `taxis` ENABLE KEYS */;
UNLOCK TABLES;

--
-- Table structure for table `translations`
--

DROP TABLE IF EXISTS `translations`;
/*!40101 SET @saved_cs_client     = @@character_set_client */;
/*!40101 SET character_set_client = utf8 */;
CREATE TABLE `translations` (
  `id` int(10) unsigned NOT NULL AUTO_INCREMENT,
  `table_name` varchar(191) COLLATE utf8mb4_unicode_ci NOT NULL,
  `column_name` varchar(191) COLLATE utf8mb4_unicode_ci NOT NULL,
  `foreign_key` int(10) unsigned NOT NULL,
  `locale` varchar(191) COLLATE utf8mb4_unicode_ci NOT NULL,
  `value` text COLLATE utf8mb4_unicode_ci NOT NULL,
  `created_at` timestamp NULL DEFAULT NULL,
  `updated_at` timestamp NULL DEFAULT NULL,
  PRIMARY KEY (`id`),
  UNIQUE KEY `translations_table_name_column_name_foreign_key_locale_unique` (`table_name`,`column_name`,`foreign_key`,`locale`)
) ENGINE=InnoDB AUTO_INCREMENT=54 DEFAULT CHARSET=utf8mb4 COLLATE=utf8mb4_unicode_ci;
/*!40101 SET character_set_client = @saved_cs_client */;

--
-- Dumping data for table `translations`
--

LOCK TABLES `translations` WRITE;
/*!40000 ALTER TABLE `translations` DISABLE KEYS */;
INSERT INTO `translations` (`id`, `table_name`, `column_name`, `foreign_key`, `locale`, `value`, `created_at`, `updated_at`) VALUES (1,'data_types','display_name_singular',5,'pt','Post','2020-04-04 13:26:04','2020-04-04 13:26:04'),(2,'data_types','display_name_singular',6,'pt','Página','2020-04-04 13:26:04','2020-04-04 13:26:04'),(3,'data_types','display_name_singular',1,'pt','Utilizador','2020-04-04 13:26:04','2020-04-04 13:26:04'),(4,'data_types','display_name_singular',4,'pt','Categoria','2020-04-04 13:26:04','2020-04-04 13:26:04'),(5,'data_types','display_name_singular',2,'pt','Menu','2020-04-04 13:26:04','2020-04-04 13:26:04'),(6,'data_types','display_name_singular',3,'pt','Função','2020-04-04 13:26:04','2020-04-04 13:26:04'),(7,'data_types','display_name_plural',5,'pt','Posts','2020-04-04 13:26:04','2020-04-04 13:26:04'),(8,'data_types','display_name_plural',6,'pt','Páginas','2020-04-04 13:26:04','2020-04-04 13:26:04'),(9,'data_types','display_name_plural',1,'pt','Utilizadores','2020-04-04 13:26:04','2020-04-04 13:26:04'),(10,'data_types','display_name_plural',4,'pt','Categorias','2020-04-04 13:26:05','2020-04-04 13:26:05'),(11,'data_types','display_name_plural',2,'pt','Menus','2020-04-04 13:26:05','2020-04-04 13:26:05'),(12,'data_types','display_name_plural',3,'pt','Funções','2020-04-04 13:26:05','2020-04-04 13:26:05'),(13,'categories','slug',1,'pt','categoria-1','2020-04-04 13:26:05','2020-04-04 13:26:05'),(14,'categories','name',1,'pt','Categoria 1','2020-04-04 13:26:05','2020-04-04 13:26:05'),(15,'categories','slug',2,'pt','categoria-2','2020-04-04 13:26:05','2020-04-04 13:26:05'),(16,'categories','name',2,'pt','Categoria 2','2020-04-04 13:26:05','2020-04-04 13:26:05'),(17,'pages','title',1,'pt','Olá Mundo','2020-04-04 13:26:05','2020-04-04 13:26:05'),(18,'pages','slug',1,'pt','ola-mundo','2020-04-04 13:26:05','2020-04-04 13:26:05'),(19,'pages','body',1,'pt','<p>Olá Mundo. Scallywag grog swab Cat o\'nine tails scuttle rigging hardtack cable nipper Yellow Jack. Handsomely spirits knave lad killick landlubber or just lubber deadlights chantey pinnace crack Jennys tea cup. Provost long clothes black spot Yellow Jack bilged on her anchor league lateen sail case shot lee tackle.</p>\r\n<p>Ballast spirits fluke topmast me quarterdeck schooner landlubber or just lubber gabion belaying pin. Pinnace stern galleon starboard warp carouser to go on account dance the hempen jig jolly boat measured fer yer chains. Man-of-war fire in the hole nipperkin handsomely doubloon barkadeer Brethren of the Coast gibbet driver squiffy.</p>','2020-04-04 13:26:05','2020-04-04 13:26:05'),(20,'menu_items','title',1,'pt','Painel de Controle','2020-04-04 13:26:05','2020-04-04 13:26:05'),(21,'menu_items','title',2,'pt','Media','2020-04-04 13:26:05','2020-04-04 13:26:05'),(22,'menu_items','title',12,'pt','Publicações','2020-04-04 13:26:05','2020-04-04 13:26:05'),(23,'menu_items','title',3,'pt','Utilizadores','2020-04-04 13:26:05','2020-04-04 13:26:05'),(24,'menu_items','title',11,'pt','Categorias','2020-04-04 13:26:05','2020-04-04 13:26:05'),(25,'menu_items','title',13,'pt','Páginas','2020-04-04 13:26:05','2020-04-04 13:26:05'),(26,'menu_items','title',4,'pt','Funções','2020-04-04 13:26:05','2020-04-04 13:26:05'),(27,'menu_items','title',5,'pt','Ferramentas','2020-04-04 13:26:05','2020-04-04 13:26:05'),(28,'menu_items','title',6,'pt','Menus','2020-04-04 13:26:05','2020-04-04 13:26:05'),(29,'menu_items','title',7,'pt','Base de dados','2020-04-04 13:26:05','2020-04-04 13:26:05'),(30,'menu_items','title',10,'pt','Configurações','2020-04-04 13:26:05','2020-04-04 13:26:05'),(31,'posts','title',18,'pt','პირველ კურსელი \"პინგვინი 🐧','2020-11-05 22:19:38','2020-11-05 22:19:38'),(32,'posts','excerpt',18,'pt','პირველ კურსელი \"პინგვინი 🐧','2020-11-05 22:19:38','2020-11-05 22:19:38'),(33,'posts','body',18,'pt','<p style=\"margin: 0px 0px 6px; font-family: Helvetica, Arial, sans-serif; color: #1c1e21;\">test pt</p>\n<p style=\"margin: 0px 0px 6px; font-family: Helvetica, Arial, sans-serif; color: #1c1e21;\">ახლახანს ჩამოხვედი ქალაქში და ვერ ერკვები ქუჩებში ?<br />პირველ კურსელი \"პინგვინი&nbsp;<span class=\"_5mfr\" style=\"margin: 0px 1px; font-family: inherit;\"><span class=\"_6qdm\" style=\"background-repeat: no-repeat; background-size: contain; color: transparent; display: inline-block; text-shadow: none; vertical-align: text-bottom; font-family: inherit; height: 16px; width: 16px; font-size: 16px; background-image: url(\'https://static.xx.fbcdn.net/images/emoji.php/v9/t11/1/16/1f427.png\');\">🐧</span></span>\" ხარ ?&nbsp;<span class=\"_5mfr\" style=\"margin: 0px 1px; font-family: inherit;\"><span class=\"_6qdm\" style=\"background-repeat: no-repeat; background-size: contain; color: transparent; display: inline-block; text-shadow: none; vertical-align: text-bottom; font-family: inherit; height: 16px; width: 16px; font-size: 16px; background-image: url(\'https://static.xx.fbcdn.net/images/emoji.php/v9/tce/1/16/1f600.png\');\">😀</span></span><br />მაშინ სწორედ შენთვისაა ყველაზე ოპტმალური FრიიTAXI&nbsp;<span class=\"_5mfr\" style=\"margin: 0px 1px; font-family: inherit;\"><span class=\"_6qdm\" style=\"background-repeat: no-repeat; background-size: contain; color: transparent; display: inline-block; text-shadow: none; vertical-align: text-bottom; font-family: inherit; height: 16px; width: 16px; font-size: 16px; background-image: url(\'https://static.xx.fbcdn.net/images/emoji.php/v9/t6b/1/16/1f696.png\');\">🚖</span></span></p>\n<p style=\"margin: 6px 0px; font-family: Helvetica, Arial, sans-serif; color: #1c1e21;\"><span class=\"_5mfr\" style=\"margin: 0px 1px; font-family: inherit;\"><span class=\"_6qdm\" style=\"background-repeat: no-repeat; background-size: contain; color: transparent; display: inline-block; text-shadow: none; vertical-align: text-bottom; font-family: inherit; height: 16px; width: 16px; font-size: 16px; background-image: url(\'https://static.xx.fbcdn.net/images/emoji.php/v9/t61/1/16/270c.png\');\">✌️</span></span>მარტივად გადმოიძახე ტაქსი&nbsp;<span class=\"_5mfr\" style=\"margin: 0px 1px; font-family: inherit;\"><span class=\"_6qdm\" style=\"background-repeat: no-repeat; background-size: contain; color: transparent; display: inline-block; text-shadow: none; vertical-align: text-bottom; font-family: inherit; height: 16px; width: 16px; font-size: 16px; background-image: url(\'https://static.xx.fbcdn.net/images/emoji.php/v9/t6b/1/16/1f696.png\');\">🚖</span></span><span class=\"text_exposed_show\" style=\"display: inline; font-family: inherit;\"><br /><span class=\"_5mfr\" style=\"margin: 0px 1px; font-family: inherit;\"><span class=\"_6qdm\" style=\"background-repeat: no-repeat; background-size: contain; color: transparent; display: inline-block; text-shadow: none; vertical-align: text-bottom; font-family: inherit; height: 16px; width: 16px; font-size: 16px; background-image: url(\'https://static.xx.fbcdn.net/images/emoji.php/v9/t8d/1/16/2611.png\');\">☑️</span></span>&nbsp;აპლიკაციით<br /><span class=\"_5mfr\" style=\"margin: 0px 1px; font-family: inherit;\"><span class=\"_6qdm\" style=\"background-repeat: no-repeat; background-size: contain; color: transparent; display: inline-block; text-shadow: none; vertical-align: text-bottom; font-family: inherit; height: 16px; width: 16px; font-size: 16px; background-image: url(\'https://static.xx.fbcdn.net/images/emoji.php/v9/t8d/1/16/2611.png\');\">☑️</span></span>&nbsp;ტელეფონის ნომრით</span></p>\n<div class=\"text_exposed_show\" style=\"display: inline; font-family: Helvetica, Arial, sans-serif; color: #1c1e21;\">\n<p style=\"margin: 0px 0px 6px; font-family: inherit;\">დარეკე ნომერზე<br /><span class=\"_5mfr\" style=\"margin: 0px 1px; font-family: inherit;\"><span class=\"_6qdm\" style=\"background-repeat: no-repeat; background-size: contain; color: transparent; display: inline-block; text-shadow: none; vertical-align: text-bottom; font-family: inherit; height: 16px; width: 16px; font-size: 16px; background-image: url(\'https://static.xx.fbcdn.net/images/emoji.php/v9/t57/1/16/1f4f1.png\');\">📱</span></span>&nbsp;* 4040 ან გამოიყენეთ აოლიკაცია&nbsp;<span class=\"_5mfr\" style=\"margin: 0px 1px; font-family: inherit;\"><span class=\"_6qdm\" style=\"background-repeat: no-repeat; background-size: contain; color: transparent; display: inline-block; text-shadow: none; vertical-align: text-bottom; font-family: inherit; height: 16px; width: 16px; font-size: 16px; background-image: url(\'https://static.xx.fbcdn.net/images/emoji.php/v9/t61/1/16/270c.png\');\">✌️</span></span><br />აპლიცაკიის გადმოსაწერათ ეწვიეთ ჩვენს ვებ გვერდს&nbsp;<span class=\"_5mfr\" style=\"margin: 0px 1px; font-family: inherit;\"><span class=\"_6qdm\" style=\"background-repeat: no-repeat; background-size: contain; color: transparent; display: inline-block; text-shadow: none; vertical-align: text-bottom; font-family: inherit; height: 16px; width: 16px; font-size: 16px; background-image: url(\'https://static.xx.fbcdn.net/images/emoji.php/v9/t4f/1/16/1f447.png\');\">👇</span></span><br /><span class=\"_5mfr\" style=\"margin: 0px 1px; font-family: inherit;\"><span class=\"_6qdm\" style=\"background-repeat: no-repeat; background-size: contain; color: transparent; display: inline-block; text-shadow: none; vertical-align: text-bottom; font-family: inherit; height: 16px; width: 16px; font-size: 16px; background-image: url(\'https://static.xx.fbcdn.net/images/emoji.php/v9/taa/1/16/1f310.png\');\">🌐</span></span>&nbsp;<a style=\"color: #385898; cursor: pointer; text-decoration-line: none; font-family: inherit;\" href=\"https://l.facebook.com/l.php?u=http%3A%2F%2Fwww.freetaxi.ge%2F%3Ffbclid%3DIwAR2WSwkgK4CT1E7JxxRUpGPmPPgQVJX9mHnhmJyIvEx7Z-c0usHAvn-yakw&amp;h=AT2hi8lyY9hnfVBOn0dEne4MD6sII6MKQgxgHDFsh5vC2cxggChnm8zbrlDjg8t_NiQp3oj_DHjUO7Vx8Dw7bOFpjTPkceu28E-DJIx3o0TSb8iVSct5ob5sA2wrK2EBYPOQoXNpLJoHK-7GIVuDJ8g_vzAc2oxx5Rm3Y5FSLIbWuPsiup-RMusEUu0IouA4GmqTqDmM6bnE1Jy8Y3zadbe-J0rjSBg7XyVkel-KXMhPRZ9OlTCUAPm8Igack2fkNvUGSLYoeanP7mk_igQ7AaiuMY4Mez25MtbiFRcsLcQgeiBqbb7Vi6-tdU6HsaxpfvcmbCoG8MGTYGfhll4CReaZPEfbTbjm49VQfnDSS5cQ5SOuK2ELmUzpAbB7mCLTw651EPiNTtBmPt575lLtbqzHpw2mL0wTIMkJ4SkKeQuWvm617iAwAR9saUoxkRfIWUVHWEPqUDPkxw8esObTCLWC1N7KhSUizfn-E-ZXUdRoBDrMAH5dgh87aFp5aiRNM0Jy97a1kbxg-yn57kPEt-Id_iIHpyI2JMS96En7i6UvjOFa9bbn1-svec3zd7eXIZ57mr0eTVwxjABGTwXlLigmjiaz3rfTkGsdeOsMUYOAIw\" target=\"_blank\" rel=\"noopener nofollow\" data-ft=\"{&quot;tn&quot;:&quot;-U&quot;}\" data-lynx-mode=\"async\">www.freetaxi.ge</a>&nbsp;ან<br />ისარგებლეთ ბმულებით<br />Android:&nbsp;<span class=\"_5mfr\" style=\"margin: 0px 1px; font-family: inherit;\"><span class=\"_6qdm\" style=\"background-repeat: no-repeat; background-size: contain; color: transparent; display: inline-block; text-shadow: none; vertical-align: text-bottom; font-family: inherit; height: 16px; width: 16px; font-size: 16px; background-image: url(\'https://static.xx.fbcdn.net/images/emoji.php/v9/td8/1/16/1f4f2.png\');\">📲</span></span>&nbsp;<a style=\"color: #385898; cursor: pointer; text-decoration-line: none; font-family: inherit;\" href=\"https://rb.gy/fmigfc?fbclid=IwAR3K_44C28FSvC7EbYhmgIbhtflBGW8pdo8d7TiiM5R-orzbLHSkf3HdIjg\" target=\"_blank\" rel=\"noopener nofollow\" data-ft=\"{&quot;tn&quot;:&quot;-U&quot;}\" data-lynx-mode=\"async\" data-lynx-uri=\"https://l.facebook.com/l.php?u=https%3A%2F%2Frb.gy%2Ffmigfc%3Ffbclid%3DIwAR3K_44C28FSvC7EbYhmgIbhtflBGW8pdo8d7TiiM5R-orzbLHSkf3HdIjg&amp;h=AT1vk5yMzEhPx7Be5sN7SCq6i_2kif-T8B1J_badRJnlx-SZIf3oRpCSs8lHx0tTqbtBl7--TnAUaF3jH5cjfe8tCirVXh4Imu6KHLIDzBX82RhfLvjAMMkTVe6VkkJmR2txnkiX6pdONqTmVGbFSWvWwvWFb2QbC0AxBURWB8PTvD8hDz1opHrE-O6xu-DurJ7OrmctvAuiraojr8Vk2G3iX_jPie1HuRNqnUwEsFXtlk1Dlmju_WsJQcmnMTOgz0mCefnP-JvNafMRf0iMQX1Frrbu7e8x2sewkd2mVI242dDPs5J3_3gUKnyUh8UxH1DEpERvDJvw8Ea3lgdmoXNb2W3JOvV-mUzPHqV6cvbOFqz4GYz2hribE6MwHPysLbIdSrEjK9IiOGS6vu49miuBKmNtiHpfgz0aqBz6RnawUZ6EnyFwSI9ZG23n5aWRh8i0G7dh3_wrD_a_2nUK5ohD2F7iUwy_8No25fLtwgV3fVSrlWI3TZSxb3Bm7Xwxwxcxai8Xf6OQgY4vJ6goy_4XFEebg5ww1ITdXAFLymVOTCVS1IR1VwtDmP04w3gTXwIAkdEN45CftekTCdjAUFohaytuF-PgYDyq9pM\">https://rb.gy/fmigfc</a><br />IOS:&nbsp;<span class=\"_5mfr\" style=\"margin: 0px 1px; font-family: inherit;\"><span class=\"_6qdm\" style=\"background-repeat: no-repeat; background-size: contain; color: transparent; display: inline-block; text-shadow: none; vertical-align: text-bottom; font-family: inherit; height: 16px; width: 16px; font-size: 16px; background-image: url(\'https://static.xx.fbcdn.net/images/emoji.php/v9/td8/1/16/1f4f2.png\');\">📲</span></span>&nbsp;<a style=\"color: #385898; cursor: pointer; text-decoration-line: none; font-family: inherit;\" href=\"https://rb.gy/ppbckf?fbclid=IwAR0Pg2LVvXGBRpfBDdveQcQOni96rGNDBBoXRfPKgrXkCtG_ueaYI2NpEzc\" target=\"_blank\" rel=\"noopener nofollow\" data-ft=\"{&quot;tn&quot;:&quot;-U&quot;}\" data-lynx-mode=\"async\" data-lynx-uri=\"https://l.facebook.com/l.php?u=https%3A%2F%2Frb.gy%2Fppbckf%3Ffbclid%3DIwAR0Pg2LVvXGBRpfBDdveQcQOni96rGNDBBoXRfPKgrXkCtG_ueaYI2NpEzc&amp;h=AT0JvFY2BMTHKvB2XSOCVWbyGiwBT4xBRRDURWaWezS8_yGfIEku0NgOhGR1drL8P8x0MGWrR2VhkGbXrVyEEQcfUnYgqEX29ixQ47has5e4yhiuaU8OrlNpFsk-e97F2LJa-Rg6pUNSVugGL3HZx1SNfBu6iG_okTGk1dhTykcqpf_dqBpS2Pod7rGkwoTJUj8UQydx88gyR3BJCsyvjb9fevffFrCq0HEffuBUmDiXR6UBdsIoE4VV3yGlRo-JZ5sw90AOXRSXr3Mpf2bAo2-La1LPK5UFNaO8TLaxejmQ_bX-IIaKL8HJtyxs8DJvi9ugGmY95qbBrd3Dpp9ovEsh8nDENgMelwRzq5eAJEuXwvPwMmqt81ypWJjB-gcAHHpCd4CwzwxP_PCiOdZ4Eqiupt9ZuCBWVfx0wOUVAYqFCoFuQO7ehMA27rkUEyg9c3aYgPvhEWJCwRj6Cxfq-Yl3MTHtBTHWwyyCKA2GZeZJWN827GFPBb3tUEKXptrncK6MVBI5H_pGKy-Oxu-2LMSDFoPOddKfRGNPCr7Kon6rrZkz-YimZcdtGmGG6n2cIYdroNBM6jEmXNeR5i3xLjAL5fFvawtCKaFD0LI\">https://rb.gy/ppbckf</a></p>\n<p style=\"margin: 6px 0px; font-family: inherit;\"><a class=\"_58cn\" style=\"color: #385898; cursor: pointer; text-decoration-line: none; font-family: inherit;\" href=\"https://www.facebook.com/hashtag/%E1%83%98%E1%83%9B%E1%83%92%E1%83%96%E1%83%90%E1%83%95%E1%83%A0%E1%83%94%E1%83%99%E1%83%9D%E1%83%9B%E1%83%A4%E1%83%9D%E1%83%A0%E1%83%A2%E1%83%A3%E1%83%9A%E1%83%90%E1%83%93?__eep__=6&amp;source=feed_text&amp;epa=HASHTAG&amp;__xts__%5B0%5D=68.ARAlaK3eSu1HN_LU80eCJqGEQaRpoyr_bsTvzx8KQQBKLvFLyBK5sa4dgnoAfOQAsDLDShU2LOehLL8PTv8j8U9wW_tg_NXp_Cl2PZeH4avBXQZQFak4dCmGtVhZV3I8paguAtF9U32oNEJog1AGs243P4bYhvsOwThcnXlbZnvw0z-V2WD6PLpyoE6PQazDQsq7T0sJ0i2dGvKqdauuCX8jqEYeaMJghXVDXg5m4R96gCLUpLF9mw9l2fS9NHmVBWUPft35eQcEp5r8d6q3yYE8BWyZ4Vpjd86MZNrrBO-kXRVKAJ4H_FskyNxY6EQhHXs&amp;__tn__=%2ANK-R-R\" data-ft=\"{&quot;type&quot;:104,&quot;tn&quot;:&quot;*N&quot;}\"><span class=\"_5afx\" style=\"direction: ltr; unicode-bidi: isolate; font-family: inherit;\"><span class=\"_58cl _5afz\" style=\"unicode-bidi: isolate; color: #365899; font-family: inherit;\" aria-label=\"hashtag\">#</span><span class=\"_58cm\" style=\"font-family: inherit;\">იმგზავრეკომფორტულად</span></span></a><br /><a class=\"_58cn\" style=\"color: #385898; cursor: pointer; text-decoration-line: none; font-family: inherit;\" href=\"https://www.facebook.com/hashtag/freetaxi?__eep__=6&amp;source=feed_text&amp;epa=HASHTAG&amp;__xts__%5B0%5D=68.ARAlaK3eSu1HN_LU80eCJqGEQaRpoyr_bsTvzx8KQQBKLvFLyBK5sa4dgnoAfOQAsDLDShU2LOehLL8PTv8j8U9wW_tg_NXp_Cl2PZeH4avBXQZQFak4dCmGtVhZV3I8paguAtF9U32oNEJog1AGs243P4bYhvsOwThcnXlbZnvw0z-V2WD6PLpyoE6PQazDQsq7T0sJ0i2dGvKqdauuCX8jqEYeaMJghXVDXg5m4R96gCLUpLF9mw9l2fS9NHmVBWUPft35eQcEp5r8d6q3yYE8BWyZ4Vpjd86MZNrrBO-kXRVKAJ4H_FskyNxY6EQhHXs&amp;__tn__=%2ANK-R-R\" data-ft=\"{&quot;type&quot;:104,&quot;tn&quot;:&quot;*N&quot;}\"><span class=\"_5afx\" style=\"direction: ltr; unicode-bidi: isolate; font-family: inherit;\"><span class=\"_58cl _5afz\" style=\"unicode-bidi: isolate; color: #365899; font-family: inherit;\" aria-label=\"hashtag\">#</span><span class=\"_58cm\" style=\"font-family: inherit;\">freetaxi</span></span></a><br /><a class=\"_58cn\" style=\"color: #385898; cursor: pointer; text-decoration-line: none; font-family: inherit;\" href=\"https://www.facebook.com/hashtag/f%E1%83%A0%E1%83%98%E1%83%98taxi?__eep__=6&amp;source=feed_text&amp;epa=HASHTAG&amp;__xts__%5B0%5D=68.ARAlaK3eSu1HN_LU80eCJqGEQaRpoyr_bsTvzx8KQQBKLvFLyBK5sa4dgnoAfOQAsDLDShU2LOehLL8PTv8j8U9wW_tg_NXp_Cl2PZeH4avBXQZQFak4dCmGtVhZV3I8paguAtF9U32oNEJog1AGs243P4bYhvsOwThcnXlbZnvw0z-V2WD6PLpyoE6PQazDQsq7T0sJ0i2dGvKqdauuCX8jqEYeaMJghXVDXg5m4R96gCLUpLF9mw9l2fS9NHmVBWUPft35eQcEp5r8d6q3yYE8BWyZ4Vpjd86MZNrrBO-kXRVKAJ4H_FskyNxY6EQhHXs&amp;__tn__=%2ANK-R-R\" data-ft=\"{&quot;type&quot;:104,&quot;tn&quot;:&quot;*N&quot;}\"><span class=\"_5afx\" style=\"direction: ltr; unicode-bidi: isolate; font-family: inherit;\"><span class=\"_58cl _5afz\" style=\"unicode-bidi: isolate; color: #365899; font-family: inherit;\" aria-label=\"hashtag\">#</span><span class=\"_58cm\" style=\"font-family: inherit;\">FრიიTAXI</span></span></a></p>\n</div>','2020-11-05 22:19:38','2020-11-05 22:19:38'),(34,'posts','slug',18,'pt','პირველ-კურსელი-\"პინგვინი🐧','2020-11-05 22:19:38','2020-11-05 22:19:38'),(35,'posts','meta_description',18,'pt','პირველ კურსელი \"პინგვინი 🐧','2020-11-05 22:19:38','2020-11-05 22:19:38'),(36,'posts','meta_keywords',18,'pt','პირველ კურსელი \"პინგვინი 🐧','2020-11-05 22:19:38','2020-11-05 22:19:38'),(37,'posts','seo_title',18,'pt','პირველ კურსელი \"პინგვინი 🐧','2020-11-05 22:19:38','2020-11-05 22:19:38'),(38,'data_rows','display_name',29,'pt','ID','2020-11-05 22:32:08','2020-11-05 22:32:08'),(39,'data_rows','display_name',30,'pt','Author','2020-11-05 22:32:08','2020-11-05 22:32:08'),(40,'data_rows','display_name',31,'pt','Category','2020-11-05 22:32:08','2020-11-05 22:32:08'),(41,'data_rows','display_name',32,'pt','სათაური','2020-11-05 22:32:00','2020-11-05 22:35:02'),(42,'data_rows','display_name',42,'pt','SEO Title','2020-11-05 22:32:08','2020-11-05 22:32:08'),(43,'data_rows','display_name',33,'pt','Excerpt','2020-11-05 22:32:08','2020-11-05 22:32:08'),(44,'data_rows','display_name',34,'pt','Body','2020-11-05 22:32:08','2020-11-05 22:32:08'),(45,'data_rows','display_name',35,'pt','Post Image','2020-11-05 22:32:08','2020-11-05 22:32:08'),(46,'data_rows','display_name',36,'pt','Slug','2020-11-05 22:32:08','2020-11-05 22:32:08'),(47,'data_rows','display_name',37,'pt','Meta Description','2020-11-05 22:32:08','2020-11-05 22:32:08'),(48,'data_rows','display_name',38,'pt','Meta Keywords','2020-11-05 22:32:08','2020-11-05 22:32:08'),(49,'data_rows','display_name',39,'pt','Status','2020-11-05 22:32:08','2020-11-05 22:32:08'),(50,'data_rows','display_name',43,'pt','Featured','2020-11-05 22:32:08','2020-11-05 22:32:08'),(51,'data_rows','display_name',40,'pt','Created At','2020-11-05 22:32:08','2020-11-05 22:32:08'),(52,'data_rows','display_name',41,'pt','Updated At','2020-11-05 22:32:08','2020-11-05 22:32:08'),(53,'data_rows','display_name',91,'pt','users','2020-11-05 22:32:08','2020-11-05 22:32:08');
/*!40000 ALTER TABLE `translations` ENABLE KEYS */;
UNLOCK TABLES;

--
-- Table structure for table `user_roles`
--

DROP TABLE IF EXISTS `user_roles`;
/*!40101 SET @saved_cs_client     = @@character_set_client */;
/*!40101 SET character_set_client = utf8 */;
CREATE TABLE `user_roles` (
  `user_id` bigint(20) unsigned NOT NULL,
  `role_id` bigint(20) unsigned NOT NULL,
  PRIMARY KEY (`user_id`,`role_id`),
  KEY `user_roles_user_id_index` (`user_id`),
  KEY `user_roles_role_id_index` (`role_id`),
  CONSTRAINT `user_roles_role_id_foreign` FOREIGN KEY (`role_id`) REFERENCES `roles` (`id`) ON DELETE CASCADE,
  CONSTRAINT `user_roles_user_id_foreign` FOREIGN KEY (`user_id`) REFERENCES `users` (`id`) ON DELETE CASCADE
) ENGINE=InnoDB DEFAULT CHARSET=utf8mb4 COLLATE=utf8mb4_unicode_ci;
/*!40101 SET character_set_client = @saved_cs_client */;

--
-- Dumping data for table `user_roles`
--

LOCK TABLES `user_roles` WRITE;
/*!40000 ALTER TABLE `user_roles` DISABLE KEYS */;
INSERT INTO `user_roles` (`user_id`, `role_id`) VALUES (2,1);
/*!40000 ALTER TABLE `user_roles` ENABLE KEYS */;
UNLOCK TABLES;

--
-- Table structure for table `users`
--

DROP TABLE IF EXISTS `users`;
/*!40101 SET @saved_cs_client     = @@character_set_client */;
/*!40101 SET character_set_client = utf8 */;
CREATE TABLE `users` (
  `id` bigint(20) unsigned NOT NULL AUTO_INCREMENT,
  `role_id` bigint(20) unsigned DEFAULT NULL,
  `name` varchar(191) COLLATE utf8mb4_unicode_ci NOT NULL,
  `email` varchar(191) COLLATE utf8mb4_unicode_ci NOT NULL,
  `avatar` varchar(191) COLLATE utf8mb4_unicode_ci DEFAULT 'users/default.png',
  `email_verified_at` timestamp NULL DEFAULT NULL,
  `password` varchar(191) COLLATE utf8mb4_unicode_ci NOT NULL,
  `remember_token` varchar(100) COLLATE utf8mb4_unicode_ci DEFAULT NULL,
  `settings` text COLLATE utf8mb4_unicode_ci DEFAULT NULL,
  `created_at` timestamp NULL DEFAULT NULL,
  `updated_at` timestamp NULL DEFAULT NULL,
  PRIMARY KEY (`id`),
  UNIQUE KEY `users_email_unique` (`email`),
  KEY `users_role_id_foreign` (`role_id`),
  CONSTRAINT `users_role_id_foreign` FOREIGN KEY (`role_id`) REFERENCES `roles` (`id`)
) ENGINE=InnoDB AUTO_INCREMENT=3 DEFAULT CHARSET=utf8mb4 COLLATE=utf8mb4_unicode_ci;
/*!40101 SET character_set_client = @saved_cs_client */;

--
-- Dumping data for table `users`
--

LOCK TABLES `users` WRITE;
/*!40000 ALTER TABLE `users` DISABLE KEYS */;
INSERT INTO `users` (`id`, `role_id`, `name`, `email`, `avatar`, `email_verified_at`, `password`, `remember_token`, `settings`, `created_at`, `updated_at`) VALUES (1,1,'Admin','admin@admin.com','users/default.png',NULL,'$2y$10$TIMsKFCP2ddnRCI7tOOEreGADaUQCaKTyg5nQ377FHGJJfV/vPeWW','99f2GL0QVipWionemEEoZhY9wjBYxw1o6aIYvC5oxGaoh91gFpEmbWKLENgF',NULL,'2020-04-04 13:26:04','2020-04-04 13:26:04'),(2,1,'Davit Gakhokia','davit@diem.ge','users/May2020/OrjrcmxFGhABaYDqYBKN.jpg',NULL,'$2y$10$U.a6wHNKnMXUg7la5Eyi7OUtfzVG2Eb4tR226EMPG3z217l5gM.ky',NULL,'{\"locale\":\"en\"}','2020-05-08 18:55:47','2020-10-19 21:35:05');
/*!40000 ALTER TABLE `users` ENABLE KEYS */;
UNLOCK TABLES;

--
-- Dumping events for database 'ialqanig_FreeTaxi'
--

--
-- Dumping routines for database 'ialqanig_FreeTaxi'
--
/*!40103 SET TIME_ZONE=@OLD_TIME_ZONE */;

/*!40101 SET SQL_MODE=@OLD_SQL_MODE */;
/*!40014 SET FOREIGN_KEY_CHECKS=@OLD_FOREIGN_KEY_CHECKS */;
/*!40014 SET UNIQUE_CHECKS=@OLD_UNIQUE_CHECKS */;
/*!40101 SET CHARACTER_SET_CLIENT=@OLD_CHARACTER_SET_CLIENT */;
/*!40101 SET CHARACTER_SET_RESULTS=@OLD_CHARACTER_SET_RESULTS */;
/*!40101 SET COLLATION_CONNECTION=@OLD_COLLATION_CONNECTION */;
/*!40111 SET SQL_NOTES=@OLD_SQL_NOTES */;

-- Dump completed on 2020-12-14 22:30:39
